RUBRIC,NUMBER,COURSE_TITLE,CREDIT_HOUR,LEVEL
ACCT,2301,PRINCIPLES OF ACCOUNTING I,3,2
ACCT,2302,PRINCIPLES OF ACCOUNTING II,3,2
ACCT,3331,MANAGERIAL ACCOUNTING,3,3
ACCT,3332,FINANCIAL REPORTING & ANALY,3,3
ACCT,3333,COST ACCOUNTING,3,3
ACCT,3341,INTERMEDIATE ACCOUNTING I,3,3
ACCT,3342,INTERMEDIATE ACCOUNTING II,3,3
ACCT,4331,FEDERAL TAXATION INDIVIDUALS,3,4
ACCT,4332,FINANCIAL INFORMATION SYSTEMS,3,4
ACCT,4336,PRINCIPLES OF AUDITING,3,4
ACCT,4337,BUSINESS EVALUATION,3,4
ACCT,4341,AUDITING I,3,4
ACCT,4342,GOVT & NOT FOR PROFIT ACCT,3,4
ACCT,4343,UNDERSTANDING FINANCIAL STATEM,3,4
ACCT,4344,OIL & GAS ACCOUNTING,3,4
ACCT,4345,SOFTWARE APPLS IN AUDITING,3,4
ACCT,4346,BUSINESS ETHICS FOR ACCOUNTANT,3,4
ACCT,4352,ADVANCED FINANCIAL ACCOUNTING,3,4
ACCT,4353,FEDERAL TAX OF BUS ENTITIES,3,4
ACCT,4361,INTERNATIONAL ACCOUNTING,3,4
ACCT,4379,INTERNSHIP IN ACCOUNTING,3,4
ACCT,4389,INDT STUDY IN ACCOUNTING,3,4
ACCT,4391,SELECTED TOPICS IN ACCOUNTING,3,4
ACCT,5031,ACCOUNTING CONCEPTS FOR MGRS,3,5
ACCT,5131,ACCT FOR ADMINISTRATIVE CONTRL,3,5
ACCT,5133,FINANCIAL ACCOUNTING I,3,5
ACCT,5134,FINANCIAL ACCOUNTING II,3,5
ACCT,5137,PRINCIPLES OF AUDITING,3,5
ACCT,5231,INDIVIDUAL INCOME TAX,3,5
ACCT,5234,CORPORATE & PASS THROUGH ENTIT,3,5
ACCT,5331,ACCT ANALYSIS FOR MGMT DECI,3,5
ACCT,5332,ACCT INFORMATION SYSTEMS,3,5
ACCT,5333,FNDMNTALS OF DB DESIGN AND DEV,3,5
ACCT,5334,ADV DATABASE APPLICATIONS DEV,3,5
ACCT,5335,INFO SYST AUDIT & SECURITY,3,5
ACCT,5336,SYSTEMS ANALYSIS AND DESIGN,3,5
ACCT,5431,ADVANCED ACCOUNTING,3,5
ACCT,5432,ACCT FOR GOVT & NOT-FOR-PROFIT,3,5
ACCT,5436,PRINCIPLES OF AUDITING,3,5
ACCT,5437,BUSINESS EVALUATION,3,5
ACCT,5531,INTERNATIONAL ACCOUNTING,3,5
ACCT,5931,RESEARCH TOPICS IN ACCOUNTING,3,5
ACCT,5939,INDT. STU. IN ACCOUNTING,3,5
ACCT,6731,FIN STATE & ACCT INFO QUAL ANA,3,5
ACCT,6732,SEMINAR IN FRAUD EXAM/AUDIT RI,3,5
ACCT,6735,OIL AND GAS ACCOUNTING,3,5
ACCT,6739,INTERNSHIP IN ACCOUNTING,3,5
ACCT,6939,MASTER'S THESIS RESEARCH,3,5
ACCT,6969,MASTER'S THESIS RESEARCH,6,5
ADSU,5010,PROF PREPARATION SEM,1,5
ADSU,5931,RSCH. TOPICS IN ED. LEADERSHIP,3,5
ADSU,5939,INDT. STU. IN ED. LEADERSHIP,3,5
ADSU,6030,INTRO TO ED. LEADERSHIP,3,5
ADSU,6130,ADMINISTRATIVE SYSTEMS,3,5
ADSU,6132,CURRICULUM,3,5
ADSU,6233,PRINCIPALSHIP,3,5
ADSU,6235,ADMN OF SPECIAL PROGRAMS,3,5
ADSU,6237,STUDENT LEGAL MATTERS,3,5
ADSU,6333,INSTRUCTIONAL LEADERSHIP,3,5
ADSU,6432,MANAGEMENT THEORY,3,5
ADSU,6434,ADMN OF SCHOOL PERSONNEL,3,5
ADSU,6436,SCHOOL RESOURCE MANAGEMENT,3,5
ADSU,6437,SCHOOL LAW,3,5
ADSU,6533,APPRAISAL OF TEACHING,3,5
ADSU,6537,INTERPERSONAL COMMUNICATION,3,5
ADSU,6538,"PROGRAM, POLICY AND POLITICS",3,5
ADSU,6638,SCHOOL COMMUNITY RELATIONS,3,5
ADSU,6735,LEADERSHIP RESEARCH SEMINAR,3,5
ADSU,6739,GRADUATE PRACTICUM,3,5
AFSC,1201,FOUNDATIONS OF THE USAF I,2,1
AFSC,1202,FOUNDATIONS OF THE USAF II,2,1
AFSC,2201,EVOLUTION OF AIR POWER I,2,2
AFSC,2202,EVOLUTION OF AIR POWER II,2,2
AFSC,3301,AIR FORCE LEADERSHIP STUDIES I,3,3
AFSC,3302,AIR FORCE LEADERSHIP STU II,3,3
AFSC,3801,FIELD TRAINING,8,3
AFSC,4301,NATIONAL SECURITY AFFAIRS I,3,4
AFSC,4302,NATIONAL SECURITY AFFAIRS II,3,4
ANTH,2346,GENERAL ANTHROPOLOGY,3,2
ANTH,3311,CONTEMPRY CULTRL ANTHROPOLOGY,3,3
ANTH,3352,POLITIC/ECONOMIC ANTHROPOLOGY,3,3
ANTH,3355,TOPICS IN ASIAN STUDIES,3,3
ANTH,3357,TOPICS IN AFRICAN STUDIES,3,3
ANTH,3358,TOPICS IN MIDDLE EAST SOCIETIE,3,3
ANTH,3361,ANTHROPOLOGY OF FOOD,3,3
ANTH,3362,"MEDICINE, BODIES & CULTURE",3,3
ANTH,4301,STUDIES IN CULTURAL DIVERSITY,3,4
ANTH,4302,CAREERS IN ANTHROPOLOGY,3,4
ANTH,4303,ISLAM IN AMERICA,3,4
ANTH,4306,SERVICE LEARNING,3,4
ANTH,4330,CULTURAL STUDY ABROAD,3,4
ANTH,4333,PEOPLES OF MEXICO & CEN AMER,3,4
ANTH,4334,NATIVE AMERICANS,3,4
ANTH,4341,GENDER & SEXUALITY GLBL PERSP,3,4
ANTH,4342,HUMAN RIGHTS & SOCIAL JUSTICE,3,4
ANTH,4343,ANTH PRSPCTVS WORLD RELIGIONS,3,4
ANTH,4351,FAMILIES AND COMMUNITY,3,4
ANTH,4352,WORLD PREHIST AND ARCHAEOLOGY,3,4
ANTH,4364,VISUAL ANTHROPOLOGY,3,4
ANTH,4372,APPLIED QUALITATIVE METH,3,4
ANTH,4389,INDT STUDY IN ANTHROPOLOGY,3,4
ANTH,4391,SELECTED TOPICS,3,4
ANTH,5032,POLITICAL ECONOMY,3,5
ANTH,5333,CULTURES OF MEXICO & CEN AMER,3,5
ANTH,5334,NATIVE AMERICAN CULTURES,3,5
ANTH,5531,"FAM, COMM, & GLOBALIZA.",3,5
ANTH,5535,CULTURES OF ASIA,3,5
ANTH,5537,TOPICS IN AFRICAN STUDIES,3,5
ANTH,5538,CULTURES OF THE MIDDLE EAST,3,5
ANTH,5931,SELECTED TOPICS IN ANTHROP,3,5
ANTH,5939,INDT. STUDY IN ANTHROPOLOGY,3,5
ARTS,1303,WORLD ART SURVEY I,3,1
ARTS,1304,WORLD ART SURVEY II,3,1
ARTS,1311,DESIGN FOUNDATIONS,3,1
ARTS,1316,DRAWING FOUNDATIONS,3,1
ARTS,1325,DRAWING FOR NON-ART MAJORS,3,1
ARTS,1371,PHOTOGRAPHY FOR NON-ART MAJORS,3,1
ARTS,2316,PAINTING,3,2
ARTS,2371,DIGITAL PHOTOGRAPHY,3,2
ARTS,2379,ARTS AND THE CHILD,3,2
ARTS,3310,SCULPTURE,3,3
ARTS,3320,CERAMICS,3,3
ARTS,3331,INTERMEDIATE DRAWING,3,3
ARTS,3333,LIFE DRAWING,3,3
ARTS,3335,INTERMEDIATE PAINTING,3,3
ARTS,3340,PRINTMAKING,3,3
ARTS,3341,FIBERS,3,3
ARTS,3350,ART 1900-1950,3,3
ARTS,3351,ART 1950-PRESENT,3,3
ARTS,3352,TRADITIONAL PHOTOGRAPHY,3,3
ARTS,3355,LATIN AMERICAN ART OF 20TH C,3,3
ARTS,3356,"MEXICAN ART, 1500-PRESENT",3,3
ARTS,3357,HISTORY & THEORY PHOTOGRAPHY,3,3
ARTS,3360,GRAPHIC DESIGN,3,3
ARTS,3365,3D COMPUTER MODELING,3,3
ARTS,3369,ILLUSTRATION,3,3
ARTS,4189,INDT STUDY IN ART,1,4
ARTS,4289,INDT STUDY ART,2,4
ARTS,4300,METHODS IN ELEMENTARY ART,3,4
ARTS,4301,METHODS IN SECONDARY ART,3,4
ARTS,4302,CRAFTS DESIGN,3,4
ARTS,4310,ADVANCED SCULPTURE,3,4
ARTS,4311,PROCESS SCULPTURE,3,4
ARTS,4312,ART ANCIENT IRAQ & NEAR EAST,3,4
ARTS,4315,ART ANCIENT GREEK WORLD,3,4
ARTS,4320,ADVANCED CERAMICS,3,4
ARTS,4321,RAKU,3,4
ARTS,4322,ROMAN ART,3,4
ARTS,4331,ADVANCED DRAWING,3,4
ARTS,4332,ADVANCED LIFE DRAWING,3,4
ARTS,4335,ADVANCED PAINTING,3,4
ARTS,4340,ADVANCED PRINTMAKING,3,4
ARTS,4341,ADVANCED FIBERS,3,4
ARTS,4348,INFORMATION DESIGN,3,4
ARTS,4350,ADVANCED PHOTOGRAPHY,3,4
ARTS,4351,INTERMEDIATE PHOTOGRAPHY,3,4
ARTS,4352,VIDEO ARTS,3,4
ARTS,4358,HISTORY AND THEORY OF GRAPHIC,3,4
ARTS,4363,ADVERTISING DESIGN,3,4
ARTS,4364,MUSEUM STUDIES,3,4
ARTS,4365,3D ANIMATION,3,4
ARTS,4366,PROPAGANDA & PERSUASIVE IMAGES,3,4
ARTS,4368,GRAPHIC NOVEL DESIGN,3,4
ARTS,4369,DIGITAL ILLUSTRATION,3,4
ARTS,4370,GENDER & ID IN THE VISUAL ARTS,3,4
ARTS,4371,RENAISSANCE ART,3,4
ARTS,4372,STUDIES IN WEST EUROPEAN ART,3,4
ARTS,4373,IMPRESSIONISM,3,4
ARTS,4374,MODERN ART,3,4
ARTS,4375,CONTEMPORARY ART,3,4
ARTS,4376,STUDIES IN NON-WESTERN ART,3,4
ARTS,4377,TOPICS IN CONTEMPORARY ART,3,4
ARTS,4389,INDT STUDY IN ARTS,3,4
ARTS,4390,SENIOR SEMINAR IN ART,3,4
ARTS,4391,SELECTED TOPICS IN ART,3,4
ARTS,4392,ARTS INTERNSHIP,3,4
ARTS,5037,STUDIES IN ART HISTORY,3,5
ARTS,5038,CRAFTS DESIGN AND HISTORY,3,5
ARTS,5231,SCULPTURE AND CERAMIC STUDIO,3,5
ARTS,5233,ART ANCIENT IRAQ & NEAR EAST,3,5
ARTS,5234,ART ANCIENT GREEK WORLD,3,5
ARTS,5331,PAINTING-DRAWING-PRINTMAKING,3,5
ARTS,5631,WEAVING STUDIO,3,5
ARTS,5919,INDEPENDENT STUDY IN ART,1,5
ARTS,5931,RESEARCH TOPICS IN ART,3,5
ARTS,5939,INDEPENDENT STUDY IN ART,3,5
ASTR,1103,LAB FOR STARS AND GALAXIES,1,1
ASTR,1104,LAB FOR SOLAR SYSTEM,1,1
ASTR,1303,STARS AND GALAXIES,3,1
ASTR,1304,SOLAR SYSTEM,3,1
ASTR,1373,LIFE IN THE UNIVERSE,3,1
ASTR,2377,LIFE AND THE UNIVERSE,3,2
ASTR,3311,MODERN ASTRONOMY,3,3
ASTR,4311,UNIVERSAL ORIGINS,3,4
ASTR,4312,PRINCIPLES OF ASTROBIOPHYSICS,3,4
ASTR,4391,SELECTED TOPICS,3,4
ASTR,5131,GRADUATE ASTRONOMY,3,5
ASTR,5231,STELLAR STRUCTURE & EVOLUTION,3,5
ASTR,5331,REMOTE SENSING INSTR & TECHN,3,5
ASTR,5431,FUNDAMENTALS OF ASTRODYNAMICS,3,5
ASTR,5432,PERTURBATION METHODS IN ASTRO,3,5
ASTR,5531,PLANETARY SCIENCE,3,5
ASTR,5631,ASTROBIOPHYSICS I,3,5
ASTR,5632,ASTROBIOPHYSICS II,3,5
ASTR,5931,RESEARCH TOPICS SPACE SCIENCE,3,5
ASTR,5939,INDT STUDY IN SPACE SCIENCE,3,5
BAPA,1301,BUSINESS PRINCIPLES,3,1
BAPA,3321,LOGICAL ANALYSIS,3,3
BAPA,4195,COOP EDUCATION IN BUSINESS,1,4
BAPA,4366,ENTRPSHP & SMALL BUS CONSULT,3,4
BAPA,4395,COOP EDUCATION IN BUSINESS,3,4
BAPA,5131,THE GLOBAL ENVIRONMENT OF BUSI,3,5
BAPA,5636,ENTRPSHP.& SM. BUS. CONSULTING,3,5
BAPA,5915,COOP EDUCATION IN BUSINESS,1,5
BAPA,5935,COOP EDUCATION IN BUSINESS,3,5
BIOL,1106,LAB FOR BIOLOGY I,1,1
BIOL,1107,LAB FOR BIOLOGY II,1,1
BIOL,1108,LAB FOR BIOL NON-SCI MAJ. I,1,1
BIOL,1109,LAB FOR BIOL NON-SCI MAJ. II,1,1
BIOL,1306,BIOL FOR SCIENCE MAJORS I,3,1
BIOL,1307,BIOL FOR SCIENCE MAJORS II,3,1
BIOL,1308,BIOL FOR NON-SCI MAJ I,3,1
BIOL,1309,BIOL FOR NON-SCI MAJ II,3,1
BIOL,2101,LAB FOR A & P I,1,2
BIOL,2102,LAB FOR A & P II,1,2
BIOL,2121,MICRO LAB FOR SCIENCE MAJORS,1,2
BIOL,2301,ANATOMY & PHYSIOLOGY I,3,2
BIOL,2302,ANATOMY & PHYSIOLOGY II,3,2
BIOL,2321,MICROBIOLOGY,3,2
BIOL,2428,VERTEBRATE ZOOLOGY,4,2
BIOL,3113,LAB PLANT ANATOMY,1,3
BIOL,3141,MOLECULAR GENETICS LABORATORY,1,3
BIOL,3173,HUMAN ANATOMY LABORATORY,1,3
BIOL,3306,DEVELOPMENT OF THE SCIENCES,3,3
BIOL,3307,CELL BIOLOGY,3,3
BIOL,3311,MARINE BIOLOGY,3,3
BIOL,3313,PLANT ANATOMY,3,3
BIOL,3316,INTRO TO HERPETOLOGY,3,3
BIOL,3333,ENVIRONMENTAL BIOLOGY,3,3
BIOL,3334,PATH & PUBLIC HLTH MICROBIOL,3,3
BIOL,3335,EPIDEMIOLOGY,3,3
BIOL,3336,NEUROPSYCH PRAC,3,3
BIOL,3341,MOLECULAR GENETICS,3,3
BIOL,3373,HUMAN ANATOMY,3,3
BIOL,4113,LAB FOR BIOL OF FISHES,1,4
BIOL,4114,LAB FOR FRESHWATER BIOLOGY,1,4
BIOL,4189,INDT STUDY IN BIOLOGY,1,4
BIOL,4195,COOP EDUC WORK TERM,1,4
BIOL,4211,LABORATORY FOR ECOLOGY,2,4
BIOL,4225,ENV TOXIC LAB,2,4
BIOL,4241,LABORATORY FOR PHYSIOLOGY,2,4
BIOL,4242,LABORATORY FOR BIOCHEMISTRY,2,4
BIOL,4252,MOLECULAR BIOLOGY LABORATORY,2,4
BIOL,4253,LAB FOR BIOTECH,2,4
BIOL,4254,LAB FOR GENE EXPRESSION,2,4
BIOL,4278,SEMINAR IN BIOLOGY,2,4
BIOL,4289,INDEPENDENT STUDY IN BIOLOGY,2,4
BIOL,4291,LAB TOPICS IN BIOLOGY,2,4
BIOL,4305,ECOLOGY OF THE AMAZON,3,4
BIOL,4311,ECOLOGY,3,4
BIOL,4313,BIOLOGY OF FISHES,3,4
BIOL,4314,FRESHWATER BIOLOGY,3,4
BIOL,4315,BIOLOGY PRACTICUM,3,4
BIOL,4323,FIELD BIOLOGY,3,4
BIOL,4325,ENVIRONMENTAL TOXICOLOGY,3,4
BIOL,4327,PLANT IDENTIFICATION,3,4
BIOL,4332,HISTOLOGY,3,4
BIOL,4334,ENVIRONMENTAL MICROBIOLOGY,3,4
BIOL,4335,FORENSIC BIOLOGY,3,4
BIOL,4341,BIOCHEMISTRY I,3,4
BIOL,4342,BIOCHEMISTRY II,3,4
BIOL,4343,PLANT PHYSIOLOGY,3,4
BIOL,4344,COMPARATIVE ANIMAL PHYSIOLOGY,3,4
BIOL,4345,HUMAN PHYSIOLOGY,3,4
BIOL,4346,PATHOPHYSIOLOGY,3,4
BIOL,4347,CELLULAR PHYSIOLOGY,3,4
BIOL,4348,DEVELOPMENTAL BIOLOGY,3,4
BIOL,4349,PLANT DEVELOPMENT,3,4
BIOL,4351,MOLECULAR BIOLOGY I,3,4
BIOL,4354,INTRO TO BIOINFORMATICS,3,4
BIOL,4355,TISSUE CULTURE,3,4
BIOL,4361,IMMUNOLOGY,3,4
BIOL,4371,CANCER BIOLOGY,3,4
BIOL,4389,INDT STUDY IN BIOLOGY,3,4
BIOL,4391,SELECTED TOPICS BIOLOGICAL SCS,3,4
BIOL,5131,MEMBRANE BIOLOGY,3,5
BIOL,5132,CELL SIGNALING,3,5
BIOL,5136,PHYSIOLOGY OF HUMAN AGING,3,5
BIOL,5215,LAB FOR ICHTHYOLOGY,1,5
BIOL,5233,ECOTOXICOLOGY,3,5
BIOL,5234,POPULATION & COMMUNITY DYNAMIC,3,5
BIOL,5235,ICHTHYOLOGY,3,5
BIOL,5332,TOXICOLOGY,3,5
BIOL,5333,INDUSTRIAL MICROBIOLOGY,3,5
BIOL,5334,MICROBIAL ECOLOGY,3,5
BIOL,5336,NEUROPSYCHOLOGY PRACTICUM,3,5
BIOL,5417,LAB FOR HUMAN GROSS ANATOMY,1,5
BIOL,5432,PRINCIPLES OF PHARMACOLOGY,3,5
BIOL,5433,ENZYMOLOGY,3,5
BIOL,5434,HUMAN STRESS,3,5
BIOL,5435,ADVANCED IMMUNOLOGY,3,5
BIOL,5436,PHYSIOL BASIS DISEASE,3,5
BIOL,5437,HUMAN GROSS ANATOMY,3,5
BIOL,5512,LAB FOR COAST & EST ECOL,1,5
BIOL,5517,LAB FOR LIMNO & AQUATIC BIOL,1,5
BIOL,5530,RESEARCH METHODS IN BIOLOGY,3,5
BIOL,5531,AQUATIC TOXICITY TESTING,3,5
BIOL,5532,COAST EST ECOL,3,5
BIOL,5533,ECOLOGICAL METHODS,3,5
BIOL,5534,CONSERVATION BIOLOGY,3,5
BIOL,5535,NEOTROPICAL RAINFOREST ECOLOGY,3,5
BIOL,5537,LIMNOLOGY & AQUATIC BIOLOGY,3,5
BIOL,5632,BIOENERGETICS,3,5
BIOL,5634,APOPTOSIS,3,5
BIOL,5635,NEUROSCIENCE,3,5
BIOL,5731,ADVANCED CANCER BIOLOGY,3,5
BIOL,5732,ADV MOL BIOL,3,5
BIOL,5733,EPIGENETICS & MIRNA,3,5
BIOL,5734,ONCOGENES,3,5
BIOL,5735,CELL CYCLE REGULATION,3,5
BIOL,5736,BIOETHICS,3,5
BIOL,5737,MOLECULAR VECTORS,3,5
BIOL,5738,GENE THERAPY,3,5
BIOL,5833,PROTEOMICS,3,5
BIOL,5915,COOP EDUCATION WORK TERM,1,5
BIOL,5919,INDT. STU. IN BIOLOGICAL SCI.,1,5
BIOL,5929,INDEPENDENT STUDY IN BIOL SCI,2,5
BIOL,5931,RESEARCH TOPICS IN BIOLOGY,3,5
BIOL,5939,INDT. STUDY IN BIOLOGY,3,5
BIOL,6838,RESEARCH PROJECT AND SEMINAR,3,5
BIOL,6939,MASTERS THESIS RESEARCH,3,5
BIOT,5011,METHODS OF BIOT DISCUSSION,1,5
BIOT,5021,METHODS OF BIOTECHNOLOGY,2,5
BIOT,5031,APPLIED BIOTECHNOLOGY,3,5
BIOT,5035,SCIENTIFIC WRITING,3,5
BIOT,5111,ADV METHODS OF BIOT I DISCUSSI,1,5
BIOT,5112,ADV METHODS OF BIOT II DISCUSS,1,5
BIOT,5121,ADV. METHODS OF BIOTECH I,2,5
BIOT,5122,ADV. METHODS OF BIOTECH II,2,5
BIOT,5231,ADV MAMMALIAN TISSUE CULTURE,3,5
BIOT,5235,BACTERIAL BIOTECH LAB,3,5
BIOT,5331,STEM CELL,3,5
BIOT,5431,PLANT GENOMICS,3,5
BIOT,5433,MARINE BIOTECH SEMINAR,3,5
BIOT,5530,RESEARCH METHODS IN BIOTECH,3,5
BIOT,5535,ENVIRON BIOTECH,3,5
BIOT,5733,BIOINFORMATICS,3,5
BIOT,5736,BIOETHICS,3,5
BIOT,5833,PROTEOMICS,3,5
BIOT,5915,COOP EDUCATION WORK TERM,1,5
BIOT,5919,IND. STUDY IN BIOT,1,5
BIOT,5921,LAB TOPICS IN BIOT,2,5
BIOT,5929,IND STUDY IN BIOT,2,5
BIOT,5931,RESEARCH TOPICS IN BIOTECH,3,5
BIOT,5939,IND STUDY IN BIOT,3,5
BIOT,6011,BIOTECHNOLOGY PRACTICUM,1,5
BIOT,6021,BIOTECHNOLOGY PRACTICUM,2,5
BIOT,6031,BIOTECHNOLOGY PRACTICUM,3,5
BIOT,6838,RESEARCH PROJ & SEM,3,5
BIOT,6939,MASTER'S THESIS RESEARCH,3,5
BSCI,4389,INDEPENDENT STUDY IN BEHAVIORA,3,4
BSCI,4391,SELECTED TOPICS BEHAVIORAL SCI,3,4
BSCI,4399,CAPSTONE IN BEHAVIORAL SCIENCE,3,4
BSCI,5931,RESEARCH TOPICS IN BEHAVIORAL,3,5
BSCI,5939,INDEPENDENT STUDY IN BEHAVIORA,3,5
BSCI,6739,GRADUATE INTERNSHIP,3,5
BSCI,6839,MASTER'S PROJECT RESEARCH,3,5
BSCI,6939,MASTER'S THESIS RESEARCH,3,5
CENG,3112,LAB FOR DIGITAL CIRCUITS,1,3
CENG,3113,LAB FOR LINEAR CIRCUITS,1,3
CENG,3114,LAB FOR ADV LINEAR CIRCUITS,1,3
CENG,3115,LAB FOR INTRO DIG SIGNAL PROC,1,3
CENG,3131,LAB FOR TELECOM AND NETWORKS,1,3
CENG,3151,LAB FOR COMPUTER ARCHITECTURE,1,3
CENG,3264,ENGIN DES AND PROJECT MGMT,2,3
CENG,3312,DIGITAL CIRCUITS,3,3
CENG,3313,LINEAR CIRCUITS,3,3
CENG,3314,ADVANCED LINEAR CIRCUITS,3,3
CENG,3315,INTR TO DIGITAL SIGNAL PROCESG,3,3
CENG,3331,INTRO TO TELECOM AND NETWORKS,3,3
CENG,3351,COMP ARCHITECTURE,3,3
CENG,3371,MICROCONTROLLER PROG,3,3
CENG,4113,LAB FOR MICROPROCSR INTRFACING,1,4
CENG,4189,IND STUDY IN COMP SYS ENG,1,4
CENG,4195,COOPERATIVE EDUCATION WORK TRM,1,4
CENG,4265,SENIOR PROJECT,2,4
CENG,4266,SENIOR PROJECT,2,4
CENG,4289,IND. STUDY IN COMP. ENG,2,4
CENG,4311,TELECOM NETWORKING DEVICES,3,4
CENG,4313,MICROPROCESSOR INTERFACING,3,4
CENG,4315,DIGITAL SIGN PROC APPS,3,4
CENG,4321,TELECOM SWITCHING SYSTEMS,3,4
CENG,4331,ANALYSIS & DESIGN LINEAR SYST,3,4
CENG,4341,COMP SYS RELIABILITY/SAFETY,3,4
CENG,4354,DIGITAL SYSTEM DESIGN,3,4
CENG,4362,REALTIME DIGITAL CONTROL,3,4
CENG,4365,SENIOR PROJECTS,3,4
CENG,4389,IND STU IN COMP SYS ENG,3,4
CENG,4391,SELECTED TOPICS IN COMP ENGINR,3,4
CENG,5131,ENGINEERING APPLICATIONS,3,5
CENG,5132,ADV ENGINEERING APPS,3,5
CENG,5133,COMPUTER ARCH. DESIGN,3,5
CENG,5231,NETWORK SYSTEM SPECIFICATION,3,5
CENG,5331,THEORY OF INFORMATION & CODING,3,5
CENG,5332,WIRELESS COMM AND NETWORK,3,5
CENG,5333,NETWORK PERFORMANCE ANALYSIS,3,5
CENG,5334,FAULT TOLERANT COMPUTING,3,5
CENG,5335,DIGITAL SYS TESTING,3,5
CENG,5337,LOW POWER SYS DESIGN,3,5
CENG,5431,DIGITAL SIGNAL PROCESSING,3,5
CENG,5432,DIGITAL CONTROL SYSTEMS,3,5
CENG,5433,PRIN OF DIGITAL COMMUN SYSTEMS,3,5
CENG,5434,MICROCOMPUTER SYSTEMS DESIGN,3,5
CENG,5531,MACHINE LEARNING AND APPS,3,5
CENG,5534,ADV. DIGITAL SYSTEM DESIGN,3,5
CENG,5634,ARTIFICIAL NEURAL NETWORKS,3,5
CENG,5719,INTERNSHIP IN COMP. ENG,1,5
CENG,5729,INTERNSHIP IN COMP. ENG,2,5
CENG,5739,INTERNSHIP IN COMP. ENG,3,5
CENG,5915,COOP EDUCATION WORK TERM,1,5
CENG,5919,INDEPENDENT STUDY IN CENG,1,5
CENG,5929,INDEPENDENT STUDY IN CENG,2,5
CENG,5931,TOPICS IN COMPUTER ENGINEERING,3,5
CENG,5939,INDT. STU.-COMPUTER ENGINEER,3,5
CENG,6332,HIGH PERF COMPTR ARCHITECTURE,3,5
CENG,6431,DSP IMPLEMENTATIONS,3,5
CENG,6434,ADV MICROCOMPUTER SYST DESIGN,3,5
CENG,6532,PARALLEL PROCESSING,3,5
CENG,6533,ROBOTICS,3,5
CENG,6534,DIGITAL SYS SYNTHESIS & OPTI,3,5
CENG,6535,BIO-INSPIRED COMPUTING,3,5
CENG,6838,RESEARCH PROJECT AND SEMINAR,3,5
CENG,6939,MASTER'S THESIS RESEARCH,3,5
CHEM,1105,LAB FOR INTRODUCTORY CHEM I,1,1
CHEM,1111,LAB FOR GENERAL CHEMISTRY I,1,1
CHEM,1112,LAB FOR GENERAL CHEM II,1,1
CHEM,1275,SURVEY OF FORENSIC CHEMISTRY,2,1
CHEM,1305,INTRODUCTORY CHEMISTRY I,3,1
CHEM,1311,GENERAL CHEMISTRY I,3,1
CHEM,1312,GENERAL CHEMISTRY II,3,1
CHEM,1372,DIET AND NUTRITION CHEMISTRY,3,1
CHEM,2101,LAB FOR ANALYTICAL CHEM I,1,2
CHEM,2102,LAB FOR ANALYTICAL CHEM II,1,2
CHEM,2123,LAB FOR ORGANIC CHEMISTRY I,1,2
CHEM,2125,LAB FOR ORGANIC CHEMISTRY II,1,2
CHEM,2301,ANALYTICAL CHEMISTRY I,3,2
CHEM,2302,ANALYTICAL CHEMISTRY II,3,2
CHEM,2323,ORGANIC CHEMISTRY I,3,2
CHEM,2325,ORGANIC CHEMISTRY II,3,2
CHEM,2377,LIFE AND THE UNIVERSE,3,2
CHEM,3303,NUTRITION AND FOOD CHEMISTRY,3,3
CHEM,3320,SURVEY OF PHYSICAL CHEMISTRY,3,3
CHEM,3333,ENVIRONMENTAL CHEMISTRY,3,3
CHEM,4189,INDT STUDY IN CHEMISTRY,1,4
CHEM,4195,COOPERATIVE EDUCATION WORK TRM,1,4
CHEM,4222,LAB FOR PHYSICAL CHEMISTRY,2,4
CHEM,4235,ADV LAB FOR INORGANIC CHEMISTR,2,4
CHEM,4242,LAB FOR BIO-CHEM,2,4
CHEM,4251,LAB FOR ENVIRONMENTAL ANALYSIS,2,4
CHEM,4310,ADVANCED CHEMICAL CALCULATIONS,3,4
CHEM,4311,CHEMICAL ORIGINS,3,4
CHEM,4312,PRINC OF ASTROBIOCHEMISTRY,3,4
CHEM,4315,HANDEDNESS IN SCIENCE,3,4
CHEM,4321,PHYSICAL CHEMISTRY I,3,4
CHEM,4322,PHYSICAL CHEMISTRY II,3,4
CHEM,4328,INTRO TO MEDICINAL CHEMISTRY,3,4
CHEM,4335,INORGANIC CHEMISTRY,3,4
CHEM,4341,BIOCHEMISTRY I,3,4
CHEM,4342,BIOCHEMISTRY II,3,4
CHEM,4352,WATER CHEM AND WATER POLLUTION,3,4
CHEM,4355,ENVIRMTL SAMPLING & MONITORING,3,4
CHEM,4356,SOIL & GROUNDWATER REMED,3,4
CHEM,4357,INTRO TO BIOFUEL,3,4
CHEM,4358,INDUST CHEM: P & E,3,4
CHEM,4359,DRUG DESIGN & SYNTHESIS,3,4
CHEM,4360,BIO-ORG MED CHEM,3,4
CHEM,4363,FORENSIC CHEMISTRY,3,4
CHEM,4365,INTRO TO POLYMER CHEMISTRY,3,4
CHEM,4367,INSTRUMENTAL ANALYSIS,3,4
CHEM,4368,ADVANCED ORGANIC CHEMISTRY,3,4
CHEM,4370,INDUSTRIAL CHEM: P & E,3,4
CHEM,4371,ADVANCED SPECTRO ANALYSIS,3,4
CHEM,4372,CHEMISTRY SEMINAR,3,4
CHEM,4373,QUANTITATIVE CHEMICAL ANALYSIS,3,4
CHEM,4374,SURFACE CHEMICAL PROCESSING,3,4
CHEM,4375,PETROLEUM GEOLOGY,3,4
CHEM,4376,INTRO TO PETRO CHEMISTRY,3,4
CHEM,4379,UNDERGRADUATE RESEARCH,3,4
CHEM,4389,INDT STUDY IN CHEMISTRY,3,4
CHEM,4391,SELECTED TOPICS IN CHEMISTRY,3,4
CHEM,5130,MATH AND PHYS IN CHEMISTRY,3,5
CHEM,5131,GENE SYNTHESIS & SYNTHETIC GEN,3,5
CHEM,5132,INTRO TO CHEMICAL ENGINEERING,3,5
CHEM,5133,SPECTR IDENT OF ORGANIC CPDS,3,5
CHEM,5134,SYNTHETIC ORGANIC CHEMISTRY,3,5
CHEM,5135,HANDEDNESS IN SCIENCE,3,5
CHEM,5136,BIOFUEL,3,5
CHEM,5235,KINETICS OF CHEM REACTIONS,3,5
CHEM,5331,QUANT. CHEMICAL ANALYSIS,3,5
CHEM,5335,ADVANCED INORGANIC CHEMISTRY,3,5
CHEM,5336,ORGANOMETALLIC CHEMISTRY,3,5
CHEM,5337,PHYSICAL ORGANIC CHEMISTRY,3,5
CHEM,5338,NUCLEIC ACID CHEM & DRUG,3,5
CHEM,5339,POLYMERIZATION ENGINEERING,3,5
CHEM,5431,CONTAMINANT FATE AND TRANSPORT,3,5
CHEM,5535,SAMP & ANALYSIS OF ENVIRON CON,3,5
CHEM,5536,ENVIRONMENTAL REMEDIATION,3,5
CHEM,5631,ENVIRON CHEMO,3,5
CHEM,5632,QUANTUM MECHANICS I,3,5
CHEM,5633,ASTROBIOCHEMISTRY I,3,5
CHEM,5634,ASTROBIOCHEMISTRY II,3,5
CHEM,5635,INTRO TO POLYMER CHEMISTRY,3,5
CHEM,5636,G C MASS SPECTROMET,3,5
CHEM,5637,MODERN SPECTROSCOPY,3,5
CHEM,5638,TOTAL SYN OF NATURAL PRODUCTS,3,5
CHEM,5639,SYMMETRY IN CHEMISTRY,3,5
CHEM,5731,ENVIRONMENTAL ORGANIC CHEM,3,5
CHEM,5739,INTERNSHIP IN CHEMISTRY,3,5
CHEM,5915,COOP EDUCATION WORK TERM,1,5
CHEM,5919,INDEPENDENT STUDY IN CHEMISTRY,1,5
CHEM,5931,RESEARCH TOPICS CHEMISTRY,3,5
CHEM,5939,INDEPENDENT STUDY IN CHEMISTRY,3,5
CHEM,6731,GRADUATE SEMINAR,3,5
CHEM,6837,RESEARCH PROJECT AND SEMINAR,3,5
CHEM,6838,RESEARCH PROJ AND SEMINAR II,3,5
CHEM,6939,MASTER THESIS RESEARCH,3,5
CINF,1370,INTRO TO CIS,3,1
CINF,3311,PROG. WITH VISUAL BASICS,3,3
CINF,3321,INFO. SYS THEORY & PRACTICE,3,3
CINF,3331,BUSINESS DATA COMMUNICATIONS,3,3
CINF,3391,TOPICS IN CIS,3,3
CINF,4189,IND STUDY IN COMP INFO SYS,1,4
CINF,4195,COOP ED WORK TERM,1,4
CINF,4289,IND STUDY IN CIS,2,4
CINF,4308,TOPICS IN CIS-NON-MAJORS,3,4
CINF,4320,WEB APPLICATION DEVELOPMENT,3,4
CINF,4323,COMPUTER SECURITY,3,4
CINF,4324,MODERN SYSTEM ANALYSIS AND DES,3,4
CINF,4334,E-COMMERCE,3,4
CINF,4364,COMPUTER SYSTEMS ADMIN,3,4
CINF,4379,INTERN IN CIS,3,4
CINF,4381,COMPUTER FORENSICS,3,4
CINF,4388,SENIOR PROJECT IN CIS,3,4
CINF,4389,IND STUDY IN COMP INFO SYS,3,4
CINF,4391,ADVANCED TOPICS IN CIS,3,4
CINF,5231,STRATEGIC INFORMATION SYSTEMS,3,5
CINF,5234,ADV. SYS ANALYSIS DESIGN,3,5
CINF,5432,DW & BI,3,5
CINF,5739,INTERN IN CIS,3,5
CINF,5915,COOP ED WORK TERM,1,5
CINF,5919,IND STUDY IN COMP INFO SYS,1,5
CINF,5929,IND STUDY IN CIS,2,5
CINF,5931,RES TOPIC IN COMP INFO SYS,3,5
CINF,5939,IND STUDY IN COMP INFO SYS,3,5
CINF,6838,RES PROJ AND SEMINAR,3,5
CINF,6939,MASTER'S THESIS RESEARCH,3,5
COMM,1307,INTRO. TO MASS COMMUNICATION,3,1
COMM,1315,PUBLIC SPEAKING,3,1
COMM,3320,PRINCIPLES OF PUBLIC RELATIONS,3,3
COMM,3321,MEDIA WRITING,3,3
COMM,3350,VISUAL COMMUNICATION,3,3
COMM,3351,MASS MEDIA AND SOCIETY,3,3
COMM,3352,MEDIA LAW,3,3
COMM,3353,ALTERNATIVE MEDIA MARKETING,3,3
COMM,3354,GATHERING INFORMATION,3,3
COMM,3355,COMMUNICATION ETHICS,3,3
COMM,3356,ADVERTISING PROCEDURE,3,3
COMM,3360,WEB DESIGN,3,3
COMM,3361,ADVANCED WEB DESIGN,3,3
COMM,4061,COMMUNICATION PORTFOLIO,0,4
COMM,4161,COMMUNICATION PORTFOLIO,1,4
COMM,4189,INDT STUDY IN COMMUNICATIONS,1,4
COMM,4301,GLOBAL ISSUES IN FILM,3,4
COMM,4322,PUBLIC RELATIONS WRITING,3,4
COMM,4346,2D ANIMATION,3,4
COMM,4350,3D COMPUTER MODELING,3,4
COMM,4351,3D ANIMATION,3,4
COMM,4352,PHOTOJOURNALISM,3,4
COMM,4353,ADVANCED MEDIA WRITING,3,4
COMM,4354,VIDEO PRODUCTION 1,3,4
COMM,4355,VIDEO PRODUCTION 2,3,4
COMM,4356,MAGAZINE PUBLICATION,3,4
COMM,4358,PUBLICATION DESIGN,3,4
COMM,4379,COMMUNICATION INTERNSHIP,3,4
COMM,4381,PROJECT MGMT,3,4
COMM,4389,INDT STUDY IN COMMUNICATIONS,3,4
COMM,4391,SELECTED TOPICS COMMUNICATIONS,3,4
COMM,4655,MEDIA PRODUCTION,6,4
COMM,5931,RESEARCH TOPICS COMM,3,5
COMM,5939,INDT. STU. IN COMMUNICATIONS,3,5
COUN,1301,INTRODUCTION TO COUNSELING,3,1
COUN,2301,ADDICTIONS IN COUNSELING I,3,2
COUN,2302,COUNSELING THEORIES,3,2
COUN,2303,"CRISIS ASSESS, INTERV & PREVEN",3,2
COUN,2304,PERSONAL NUTRITION,3,2
COUN,3301,DEVELOPMENTAL COUNSELING,3,3
COUN,3303,COUNSELING SKILLS,3,3
COUN,3304,GROUP THERAPY,3,3
COUN,3305,DIAGNOSTICS & ASSESSMENTS,3,3
COUN,3306,CAREER COUNSELING,3,3
COUN,3307,STRESS MANAGEMENT,3,3
COUN,4301,ETHICS,3,4
COUN,4302,PSYCHOPHARMACOLOGY,3,4
COUN,4303,FAMILY DYNAMICS,3,4
COUN,4304,CHILD AND ADOLESCENT COUNSELIN,3,4
COUN,4305,SPECIAL POPULATIONS,3,4
COUN,4306,CRISIS MANAGEMENT,3,4
COUN,4307,CASE MANAGEMENT,3,4
COUN,4308,ADDICTIONS COUNSELING II,3,4
COUN,4309,PRACTICUM,3,4
COUN,5010,PROF PREP SEMINAR,1,5
COUN,5034,COMM COLLAB IN COUNSELING,3,5
COUN,5035,ADV INT SKILLS IN DIV SETTINGS,3,5
COUN,5131,COUNSELING FOR LIFESPAN DEV,3,5
COUN,5231,INTRODUCTION TO COUNSELING,3,5
COUN,5432,THEORIES OF COUNSELING,3,5
COUN,5433,COUNSELING ETHICS & CONSULT,3,5
COUN,5739,COUNSELING PRACTICUM I,3,5
COUN,5931,TOPICS IN COUNSELING,3,5
COUN,5939,INDEPENDENT STUDY IN COUNSELIG,3,5
COUN,6030,MULTICULTURAL FOUND FOR COUN,3,5
COUN,6031,TECHNOLOGY APPL FOR COUNSELORS,3,5
COUN,6032,STATS & MEAS FOR COUNSELORS,3,5
COUN,6033,RES DES & ANALYSIS FOR COUN,3,5
COUN,6232,ASSESSMENT ISSUES COUNS,3,5
COUN,6334,CAREER DEVELOPMNT & COUNSELING,3,5
COUN,6435,PRE-PRACTICUM IN COUNSELING,3,5
COUN,6531,MENTL HEALTH & PSYCHOPATHOLOGY,3,5
COUN,6532,GROUP COUNSELING,3,5
COUN,6533,CRISIS INTERVENTION,3,5
COUN,6534,DEVELOPMENTL SCHOOL COUN PROGS,3,5
COUN,6535,SYSTEMS COUNSELING,3,5
COUN,6536,SUBSTANCE ABUSE COUNSELING,3,5
COUN,6537,BILINGUAL COUNSELING,3,5
COUN,6538,SOCIAL JUSTICE COUNSELING,3,5
COUN,6731,PROFES SEMINAR IN COUNSELING,3,5
COUN,6739,COUNSELING PRACTICUM II,3,5
COUN,6839,COUNSELING PRACTICUM III,3,5
CRCL,5031,THEORIES OF CULTURAL DIVERSITY,3,5
CRCL,5032,POLITICAL ECONOMY,3,5
CRCL,5033,RELIGION AND COMMUNITY,3,5
CRCL,5035,HUMAN RIGHTS & SOCIAL JUSTICE,3,5
CRCL,5037,THEOR & PRACTICES OF MEDIATION,3,5
CRCL,5039,ENVIRONMENT AND SOCIETY,3,5
CRCL,5131,"GENDER, CULTURE AND POWER",3,5
CRCL,5132,WOMEN OF COLOR,3,5
CRCL,5231,STUDIES IN EUROPEAN HISTORY,3,5
CRCL,5232,PEOPLES OF MEXICO & CEN AMER,3,5
CRCL,5238,NEGOTIATING ACROSS CULTURES,3,5
CRCL,5239,EGYPT IN TRANSITION,3,5
CRCL,5330,CULTURAL STUDY ABROAD,3,5
CRCL,5332,DIVERSITY IN URBAN AMERICA,3,5
CRCL,5333,MINORITIES AND MAJORITIES,3,5
CRCL,5434,STUDIES IN LATIN AM HIST,3,5
CRCL,5531,"FAMILIES, COMMS, & GLBLZTION",3,5
CRCL,5533,COMMUNITY HLTH CRCL PERSP,3,5
CRCL,5534,NATIVE AMERICANS,3,5
CRCL,5535,CULTURES OF ASIA,3,5
CRCL,5537,TOPICS IN AFRICAN STUDIES,3,5
CRCL,5538,CULTURES OF THE MIDDLE EAST,3,5
CRCL,5631,CROSS-CULTURAL METHODS,3,5
CRCL,5731,SEMINAR IN AMER MULTICULT LITR,3,5
CRCL,5732,U.S. SOCIAL MOVEMENTS,3,5
CRCL,5733,PRGM SEMR: CNTMPRY ISSUES CRCL,3,5
CRCL,5734,CROSS-CULT TEXTS IN DIALOGUE,3,5
CRCL,5931,RES TOPICS IN CROSS-CULT STUD,3,5
CRCL,5939,IND STUDY IN CROSS-CULTURAL ST,3,5
CRCL,6735,RESEARCH SEM. IN CROSS-CULT ST,3,5
CRCL,6739,GRADUATE INTERNSHIP,3,5
CRCL,6839,MASTER'S PROJECT RESEARCH,3,5
CRCL,6909,CRCL COMP EXAM,0,5
CRCL,6939,MASTER'S THESIS RESEARCH,3,5
CRIM,1301,INTRO TO CRIMINAL JUSTICE,3,1
CRIM,3312,CRIMINOLOGY,3,3
CRIM,3313,POLICING UNIV. & COLLEGES,3,3
CRIM,3314,TERRORISM & HOMELAND SECURITY,3,3
CRIM,3335,DEVIANCE,3,3
CRIM,4306,SERVICE LEARNING,3,4
CRIM,4313,JUVENILE DELINQUENCY,3,4
CRIM,4315,THE DEATH PENALTY,3,4
CRIM,4330,CRIMINAL INVESTIGATION,3,4
CRIM,4331,PRISON AND SOCIETY,3,4
CRIM,4332,SOC PROBLEMS AND THE LEGAL SYS,3,4
CRIM,4333,PROBATION AND PAROLE,3,4
CRIM,4334,CRIMINAL LAW,3,4
CRIM,4335,RACE AND JUSTICE,3,4
CRIM,4337,ORGANIZED CRIME,3,4
CRIM,4338,POLICING AND SOCIETY,3,4
CRIM,4384,STATISTICS,3,4
CRIM,4385,RESEARCH METHODS,3,4
CRIM,4389,INDEPENDENT STUDY IN CRIM,3,4
CRIM,4390,CONT ISSUES IN CRIMINOLOGY,3,4
CRIM,4391,SEL TOPICS IN CRIMINOLOGY,3,4
CRIM,5036,CRIMINOLOGICAL RES AND STAT I,3,5
CRIM,5037,CRIMINOLOGICAL RES AND STAT II,3,5
CRIM,5133,ADVANCED JUVENILE DELINQUENCY,3,5
CRIM,5135,THE DEATH PENALTY,3,5
CRIM,5136,RACE AND CRIME,3,5
CRIM,5137,PREVENTION AND CONTROL OF CRIM,3,5
CRIM,5138,HOMELAND SECURITY,3,5
CRIM,5139,CORRECTIONAL INSTITUTIONS,3,5
CRIM,5331,ADVANCED CRIMINOLOGY,3,5
CRIM,5332,WHITE-COLLAR CRIME,3,5
CRIM,5333,COMPUTER CRIME,3,5
CRIM,5335,CRIM JUST AND MASS MEDIA,3,5
CRIM,5336,LAW AND SOCIETY,3,5
CRIM,5337,ORGANIZED CRIME,3,5
CRIM,5338,CRIMINAL LAW,3,5
CRIM,5339,COMPARATIVE CRIMINOLOGY,3,5
CRIM,5431,DOMESTIC VIOLENCE,3,5
CRIM,5432,SOCIOLOGY OF LAW ENFORCEMENT,3,5
CRIM,5433,SERIAL MURDER,3,5
CRIM,5931,RES TOPICS IN CRIMINOLOGY,3,5
CRIM,5939,INDEPENDENT STUDY IN CRIM,3,5
CRIM,6734,FUTURE OF CRIME AND JUSTICE,3,5
CRIM,6735,SEMINAR IN CRIMINOLOGY,3,5
CRIM,6739,GRADUATE INTERNSHIP,3,5
CRIM,6839,MASTER'S PROJECT RESEARCH,3,5
CRIM,6939,MASTER'S THESIS RESEARCH,3,5
CSCI,1318,PASCAL PROGRAMMING I,3,1
CSCI,1320,C PROGRAMMING,3,1
CSCI,1370,SOFTWARE DEVELOPMENT WITH JAVA,3,1
CSCI,1470,COMPUTER SCIENCE I,4,1
CSCI,1471,COMPUTER SCIENCE II,4,1
CSCI,2315,DATA STRUCTURES,3,2
CSCI,3303,FUNDAMENTALS OF PROGRAMMING,3,3
CSCI,3311,PROGRAMMING WITH VISUAL BASIC,3,3
CSCI,3321,NUMERICAL METHODS,3,3
CSCI,3323,OBJCT ORIENTED DESIGN & PROGRM,3,3
CSCI,3324,ADVANCE SOFTWARE DEVELOPMENT,3,3
CSCI,3331,COMP ORG & ASSEMBLY LANGUAGE,3,3
CSCI,3352,ADV DATA STRUCTR & ALGORITHMS,3,3
CSCI,3362,AI PROGRAMMING LANGUAGES,3,3
CSCI,3391,SELECTED TOPICS IN COMPUTING,3,3
CSCI,4189,INDT STUDY IN COMPUTER SCIENCE,1,4
CSCI,4195,COOPERATIVE EDUCATION WORK TRM,1,4
CSCI,4289,IND STUDY IN CS,2,4
CSCI,4303,CONCEPTS OF DATABASE SYSTEMS,3,4
CSCI,4307,COMPUTING ESSENTIALS,3,4
CSCI,4308,TOPICS IN COMP SCI-NON MAJORS,3,4
CSCI,4312,NETWORK PROTOCOLS,3,4
CSCI,4314,ADV SW DESIGN WITH JAVA,3,4
CSCI,4315,ADV. SOFT DEV WITH .NET AND C#,3,4
CSCI,4320,WEB APPL DEVELOP,3,4
CSCI,4323,COMPUTER SECURITY,3,4
CSCI,4333,DESIGN OF DATABASE SYSTEMS,3,4
CSCI,4350,COMPTR GRPHICS & INTRFCE DESGN,3,4
CSCI,4351,ADVANCED PROGRAMMING IN UNIX,3,4
CSCI,4354,OPERATING SYSTEMS,3,4
CSCI,4362,COMP GAME PROG,3,4
CSCI,4364,COMPUTER SYS ADMINISTRATION,3,4
CSCI,4379,INTERN IN CS,3,4
CSCI,4381,COMPUTER FORENSICS,3,4
CSCI,4388,SENIOR PROJECT IN COMP SCIENCE,3,4
CSCI,4389,INDT STUDY IN COMPUTER SCIENCE,3,4
CSCI,4391,SELECT TOPICS COMPUTER SCIENCE,3,4
CSCI,5034,OPERATING SYSTEMS CONCEPTS,3,5
CSCI,5035,SCIENTIFIC WRITING,3,5
CSCI,5037,ADV TOPICS IN CS FOR NON-MAJOR,3,5
CSCI,5130,HUMAN COMPUTER INTERFACE,3,5
CSCI,5131,SIMULATION TECHNIQUES,3,5
CSCI,5132,INTERNET PROTOCOLS,3,5
CSCI,5134,CONCURRENT PGM & SW MODELLING,3,5
CSCI,5232,CONCEPTS OF PROG LANG & COMPIL,3,5
CSCI,5233,COMPUTER SECURITY & INTEGRITY,3,5
CSCI,5234,WEB SECURITY,3,5
CSCI,5235,NETWORK SECURITY,3,5
CSCI,5331,COMPUTER GRAPHICS,3,5
CSCI,5333,DATA BASE MANAGEMENT SYSTEM,3,5
CSCI,5431,CLIENT-SERVER BASED NTWK PROG,3,5
CSCI,5432,DESIGN & ANALYSIS ALGORITHMS,3,5
CSCI,5433,OBJECT-ORIENTED DATABASE SYST,3,5
CSCI,5530,PATTERN CLASSIFICATION,3,5
CSCI,5531,ADVANCED OPERATING SYSTEMS,3,5
CSCI,5532,PATTRN RECOGN IMAGE PROCESSING,3,5
CSCI,5533,DISTRIBUTED INFORMATION SYSTEM,3,5
CSCI,5631,FOUNDATIONS FOR SOA,3,5
CSCI,5633,WEB DATABASE DEVELOPMENT,3,5
CSCI,5635,PARALLEL PROCESSING,3,5
CSCI,5737,MOBILE APPLICATIONS DEVELOPMEN,3,5
CSCI,5739,INTERNSHIP IN CS,3,5
CSCI,5832,FINANCIAL DATA MINING,3,5
CSCI,5833,DATA MINING TOOLS AND TECH,3,5
CSCI,5838,MOBILE GAME PROGRAMMING,3,5
CSCI,5915,COOPERATIVE EDUCATION WORK TRM,1,5
CSCI,5919,INDT STUDY IN COMPUTER SCIENCE,1,5
CSCI,5929,IND STUDY IN CS,2,5
CSCI,5931,RESEARCH TOPICS COMP SCIENCE,3,5
CSCI,5933,COMPUTATIONAL BIOINFORMATICS,3,5
CSCI,5939,INDT STUDY IN COMPUTER SCIENCE,3,5
CSCI,6530,RESEARCH METHODS IN COMP SCI,3,5
CSCI,6532,REAL-TIME SYSTEMS,3,5
CSCI,6838,RESEARCH PROJECT AND SEMINAR,3,5
CSCI,6939,MASTER'S THESIS RESEARCH,3,5
CSCI,6969,MASTER'S THESIS RESEARCH,6,5
DMST,5031,GRAPHIC DESIGN,3,5
DMST,5033,ADVERTISING DESIGN,3,5
DMST,5034,GLOBAL ISSUES IN A DIGITAL SOC,3,5
DMST,5036,DIGITAL VIDEO,3,5
DMST,5038,ADV DIGITAL PHOTOGRAPHY,3,5
DMST,5039,WEB DESIGN,3,5
DMST,5131,GAME DESIGN AND THEORY,3,5
DMST,5132,3D MODELING,3,5
DMST,5139,ADV. WEB DESIGN,3,5
DMST,5230,CRIT. APPR. TO DIGITAL MEDIA,3,5
DMST,5231,ADV DIGITAL MEDIA DESIGN,3,5
DMST,5232,MEDIA & COMM RESRCH MTHD,3,5
DMST,5233,DIG. MEDIA LAW & ETH. SEMINAR,3,5
DMST,5234,PUBLIC RELATIONS WRITING,3,5
DMST,5235,ANIMATION,3,5
DMST,5236,DIGITAL STORYTELLING,3,5
DMST,5332,MOTION GRAPHICS,3,5
DMST,5333,SOCIAL MEDIA,3,5
DMST,5436,INTERACTIVE ANIMATION,3,5
DMST,5437,DIGITAL MEDIA AND SOCIETY,3,5
DMST,5534,VIDEO PRODUCTION 1,3,5
DMST,5535,VIDEO PRODUCTION 2,3,5
DMST,5538,ELECTRONIC PUBLICATION,3,5
DMST,5831,PROJECT MGMT,3,5
DMST,5931,RESEARCH TOPICS IN DIGITAL MED,3,5
DMST,5939,IND STD IN DIGITAL MEDIA STD,3,5
DMST,6639,PRACTICUM IN PUBLIC RELATIONS,3,5
DMST,6739,GRADUATE INTERNSHIP,3,5
DMST,6769,GRADUATE INTERNSHIP,6,5
DMST,6839,MASTER'S PROJECT RESEARCH,3,5
DMST,6909,MASTER'S EXAM OPTION,0,5
DMST,6939,MASTER'S THESIS RESEARCH,3,5
DSCI,3311,QUANT METHODS FOR MGMT,3,3
DSCI,3321,STATISTICS I,3,3
DSCI,3322,STATISTICS II,3,3
DSCI,3331,QUANT METHOD FOR MGMT,3,3
DSCI,4351,FORECASTING SYSTEMS,3,4
DSCI,4389,INDT STUDY IN DSCI,3,4
DSCI,4391,SEL TOPICS IN DECISION SCIENCE,3,4
DSCI,5030,BUSINESS CALCULUS,3,5
DSCI,5031,BUS STATISTICS FOR DECISION-MA,3,5
DSCI,5131,ADVANCED DATA ANALYSIS,3,5
DSCI,5431,MANAGEMENT SCIENCE & OPERATION,3,5
DSCI,5531,INTRO TO SUPPLY CHAIN,3,5
DSCI,5931,RESEARCH TOPICS IN DSCI,3,5
DSCI,5939,INDEPENDENT STUDIES IN DSCI,3,5
ECED,1303,CHILDREN AND FAMILIES,3,1
ECED,1311,EARLY CHILDHOOD EDUCATION,3,1
ECED,1318,"NUTRITION, HEALTH AND SAFETY",3,1
ECED,1354,DEV THEORIES OF YOUNG CHILDREN,3,1
ECED,4302,DEVLPNG COMPTENCE IN YNG CHDRN,3,4
ECED,4303,CHD GUID & CLRM MGT FOR YG CH,3,4
ECED,4305,LITERACY DEVELOPMENT BIRTH- AG,3,4
ECED,4306,ASSESSMENT OF YOUNG CHILDREN B,3,4
ECED,4307,MATH & SCI IN EARLY CHLDHD EDU,3,4
ECED,4308,CREATIVITY IN EARLY CHILDHOOD,3,4
ECED,4309,ADVOCACY AND PARENT ENGAGEMENT,3,4
ECED,4311,READING DEV IN YOUNG CHILDREN,3,4
ECED,4314,OBSERV/DEV ASSESS OF YNG CHILD,3,4
ECED,4320,PLAY,3,4
ECED,4321,INFANTS & TODDLERS,3,4
ECED,4322,CULTL AWARENESS FOR YNG CHILD,3,4
ECED,4323,PRESCHOOL CURRICULUM,3,4
ECED,4324,EARLY CHILD LDRSHP & PRG QUAL,3,4
ECED,4325,EARLY CHILDHOOD PROGRAM DEVELO,3,4
ECED,4326,EFF. POST. INTERACT YNG CHILD,3,4
ECED,4332,EARLY CHILDHOOD SPECIAL EDUC,3,4
ECED,4333,ADV EARLY CHDHD SPEC ED,3,4
ECED,4377,PRACTICUM,3,4
ECED,4389,INDT STUDY IN ECED,3,4
ECED,4391,TOPICS IN ECED,3,4
ECED,5031,TEACHING YOUNG CHILDREN,3,5
ECED,5032,COMMUNITY PROG FOR YOUNG CHILD,3,5
ECED,5033,GUIDANCE AND CLASSRM MGT EC6,3,5
ECED,5038,CREATIVE ARTS IN EARLY CHILDHO,3,5
ECED,5039,EARLY CHILDHOOD ADVOCACY: TEAC,3,5
ECED,5131,CURRICULUM IN ERLY CHLDHD EDUC,3,5
ECED,5132,LITERACY DVMNT IN EARLY CHLDHD,3,5
ECED,5133,MTH & SCI TCH & LRN EAR CHLDHD,3,5
ECED,5231,PLAY AND THE DEVELOPING CHILD,3,5
ECED,5331,EVAL OF DVLPMNT OF YNG CHLDRN,3,5
ECED,5332,INFANTS & YNG CHILDRN W/EXCEPT,3,5
ECED,5333,ADV STDS OF EXCEPTIONALITIES,3,5
ECED,5335,"CHILDREN, FAMILY AND SOCIETY",3,5
ECED,5336,ADMINISTRATION AND MANAGEMENT,3,5
ECED,5737,PRACT INFNTS & YNG CHILD DISAB,3,5
ECED,5931,RESEARCH TOPICS IN ECED,3,5
ECED,5939,INDEPENDENT STUDY IN ECED,3,5
ECED,6739,EARLY CHILDHOOD EDUCATION,3,5
ECON,2301,PRINCIPLES OF MACROECONOMICS,3,2
ECON,2302,PRINCIPLES OF MICROECONOMICS,3,2
ECON,3311,MONEY AND BANKING,3,3
ECON,3321,DEVELOPMENT ECONOMICS,3,3
ECON,3361,INDUSTRIAL ORGANIZATION,3,3
ECON,3371,PUBLIC FINANCE,3,3
ECON,3381,ENERGY ECONOMICS,3,3
ECON,3391,SPORTS ECONOMICS,3,3
ECON,5031,ECONOMIC PRINCIPLES,3,5
ECON,5136,MANAGERIAL ECONOMICS,3,5
ECON,5137,ECONOMICS OF ENERGY,3,5
EDCI,7031,QUANTITATIVE RESEARCH I,3,6
EDCI,7032,QUANTITATIVE RESEARCH II,3,6
EDCI,7033,QUALITATIVE RESEARCH,3,6
EDCI,7034,PROF. WRITING & COMMUNICATIONS,3,6
EDCI,7035,INTERCULTURAL COMMUNICATION,3,6
EDCI,7137,ADV.MODELS OF TEACH.STEM EDU,3,6
EDCI,7138,CURDES:DEVIMPEVA IN STEM EDU,3,6
EDCI,7139,PROF. DEV. PRINC. IN PRACTICES,3,6
EDCI,7331,ADVANCED QUALITATIVE METHODS,3,6
EDCI,7333,SURVEY DESIGN,3,6
EDCI,7430,CURR ISSUES & TRENDS STEM EDU,3,6
EDCI,7431,LEARNING & COGN IN STEM EDUC,3,6
EDCI,7530,LEARNING THEORY & INSTRUCTION,3,6
EDCI,7533,SYS DESGN OF TECH-BASED INST,3,6
EDCI,7535,DIG VIDEO PROD FOR EDUCATORS,3,6
EDCI,7537,TECHNOLOGY AND ELEARNING,3,6
EDCI,7538,INTERACTIVE DISTANCE LEARNING,3,6
EDCI,7931,DOC RES TOPICS IN C&I,3,6
EDCI,7939,DOC INDT STUDY IN C&I,3,6
EDCI,8530,RESEARCH SEMINAR,3,6
EDCI,8939,DISSERTATION,3,6
EDCI,8969,DISSERTATION,6,6
EDLS,7010,SUPERINTENDENT PROF PREP SEM,1,6
EDLS,7030,DISPUTE RESOLUTION,3,6
EDLS,7031,QUANTITATIVE RESEARCH I,3,6
EDLS,7032,QUANTITATIVE RESEARCH II,3,6
EDLS,7033,QUALITATIVE RESEARCH,3,6
EDLS,7034,PROF. WRITING & COMMUNICATION,3,6
EDLS,7035,INTERCULTURAL COMMUNICATION,3,6
EDLS,7036,SPCL POP-EARLY CHILD EDUCATION,3,6
EDLS,7037,SPECIAL POP-SPECIAL EDUCATION,3,6
EDLS,7038,SPCL POP-BLNGUAL AND ESL ED,3,6
EDLS,7039,SPECIAL POPULATIONS-SYNTHESIS,3,6
EDLS,7130,PROGRAM EVALUATION,3,6
EDLS,7131,"SOCIETY, LANGUAGE AND READING",3,6
EDLS,7132,INTEGRATING READ INTO CURRICUL,3,6
EDLS,7133,WRITING WORKSHOP CLASSRM I,3,6
EDLS,7134,WRITING WORKSHOP CLASSRM II,3,6
EDLS,7135,LITERACY ASSESS FOR PRACTITION,3,6
EDLS,7136,CURRENT PEDAGOGICAL ISSUES,3,6
EDLS,7137,ADVANCED MODELS OF TEACHING,3,6
EDLS,7138,"CURR DES: DEV, IMP, EVAL",3,6
EDLS,7139,PROF. DEV. PRINC. IN PRACTICES,3,6
EDLS,7230,COUNSELING SUPERVISION,3,6
EDLS,7231,ADV CRISIS & DISAS RESPONSE,3,6
EDLS,7232,EVALUATING COUNSELING PROGRAMS,3,6
EDLS,7233,COUNSELING AS A PROFESSION,3,6
EDLS,7238,MKTNG OF ED SVC FOR NONPFT ORG,3,6
EDLS,7330,ADVANCED STATISTICAL ANALYSIS,3,6
EDLS,7331,ADVANCED QUALITATIVE METHODS,3,6
EDLS,7332,CURRENT ISSUES IN EDUCATIONAL,3,6
EDLS,7333,SURVEY DESIGN,3,6
EDLS,7530,LEARNING THEORY & INSTRUCTION,3,6
EDLS,7533,SYS DESGN OF TECH-BASED INST,3,6
EDLS,7535,DIG VIDEO PROD FOR EDUCATORS,3,6
EDLS,7537,TECHNOLOGY AND ELEARNING,3,6
EDLS,7538,INTERACTIVE DISTANCE LEARNING,3,6
EDLS,7636,POLITICS AND SCHOOL FINANCE,3,6
EDLS,7637,PERSONNEL MANAGEMENT,3,6
EDLS,7638,THE SUPT. AND SCHOOL COM RELAT,3,6
EDLS,7833,SUPERINTENDENT SEMINAR,3,6
EDLS,7837,SUPERINTENDENT PRACTICUM,3,6
EDLS,7931,DOC. RES. TOPICS ED. LEADERSHI,3,6
EDLS,7939,DOC. INDEP. STUDY ED. LEADERSH,3,6
EDLS,8030,ORGANIZATIONAL LEADERSHIP,3,6
EDLS,8130,STRATEGIC PLAN & SYS ALIGNMENT,3,6
EDLS,8131,"POLICY, KNOW MGT & FORECASTING",3,6
EDLS,8132,TRANSITION & CHANGE MANAGEMENT,3,6
EDLS,8230,"ETHICS, VALUES & SOCIAL RESPON",3,6
EDLS,8330,HUMAN RESOURCES ADMINISTRATION,3,6
EDLS,8430,FINANCIAL RESOURCES MANAGEMENT,3,6
EDLS,8530,RESEARCH SEMINAR,3,6
EDLS,8630,ADMINISTRATION IN HIGHER EDUCA,3,6
EDLS,8631,STUDENT AFFAIRS IN HIGHER EDUC,3,6
EDLS,8632,LAW AND POLICY IN HIGHER EDUCA,3,6
EDLS,8633,CONTEMPORARY ISSUES IN HIGHER,3,6
EDLS,8939,DISSERTATION,3,6
EDLS,8969,DISSERTATION,6,6
EDLS,8999,DISSERTATION,9,6
EDUC,1100,LEARNING FRAMEWORK,1,1
EDUC,3301,INTRO TO EDUCATIONAL STATS,3,3
EDUC,4300,SCHOOL AND COMMUNITY,3,4
EDUC,4310,THEORIES OF EDUCATIONAL PSYCHO,3,4
EDUC,4389,INDEPENDENT STUDIES IN EDUC,3,4
EDUC,4391,SELECTED TOPICS IN EDUCATION,3,4
EDUC,5130,COGNITION AND INSTRUCTION,3,5
EDUC,5931,RESEARCH TOPICS PROF EDUC,3,5
EDUC,5939,INDEPENDENT STUDY IN EDUCATION,3,5
EDUC,6032,APPLIED STATISTICS,3,5
EDUC,6033,RES DESIGN AND ANALYSIS,3,5
EDUC,6839,MASTER'S PROJECT RESEARCH,3,5
EDUC,6909,MASTER'S COMP EXAM,0,5
EDUC,6939,MASTER THESIS RESEARCH,3,5
EENG,2105,LAB FOR ELECTRICAL CIRCUITS I,1,2
EENG,2305,ELECTRICAL CIRCUITS I,3,2
EMGT,5130,NEW BUSINESS DEVELOPMENT,3,5
EMGT,5131,LEGAL ISSUES IN EMGT,3,5
EMGT,5230,NEGOTIATION STRATEGIES,3,5
EMGT,5231,ENGINEERING MGMT PLANNING,3,5
EMGT,5330,SERVICE AND OPERATIONS MANAGEM,3,5
EMGT,5331,SIX-SIGMA QUALITY,3,5
EMGT,5430,PROFESSIONAL PROJ MNGMT,3,5
EMGT,5431,CONTRACT MANAGEMENT,3,5
EMGT,5530,ORGANIZATIONAL ANALYSIS AND MG,3,5
EMGT,5531,TECHNOLOGY PLANNING AND MGMT,3,5
EMGT,5630,QUANTITATIVE DECISION MAKING,3,5
EMGT,5631,SUPPLY CHAIN MANAGEMENT,3,5
EMGT,5730,FUNDAMENTALS OF ERP,3,5
EMGT,5739,INTERNSHIP IN ENGINEERING MANA,3,5
EMGT,5915,COOP EDUC WORK TERM,1,5
EMGT,5919,IND STUDY IN ENGINEERING MANAG,1,5
EMGT,5931,RESEARCH TOPICS IN ENG MGMT,3,5
EMGT,5939,INDEPENDENT STUDY IN EMGT,3,5
EMGT,6837,ENG MGMT CAPSTONE PROJECT,3,5
EMGT,6838,RESEARCH PROJECT AND SEMINAR,3,5
EMGT,6839,MASTER'S THESIS RESEARCH,3,5
EMGT,6939,MASTER'S THESIS RESEARCH,3,5
ENGR,1201,INTRODUCTION TO ENGINEERING,2,1
ENGR,1304,ENGINEERING GRAPHICS I,3,1
ENGR,2334,THERMODYNAMICS I,3,2
ENSC,1101,LAB FOR ENVIRON SCIENCE I,1,1
ENSC,1102,LAB FOR ENVIRON SCIENCE II,1,1
ENSC,1301,ENVIRONMENTAL SCIENCE I,3,1
ENSC,1302,ENVIRONMENTAL SCIENCE II,3,1
ENSC,4189,INDEPENDENT STUDY IN ENSC,1,4
ENSC,4195,COOP EDUCATION WORK TERM,1,4
ENSC,4289,INDEPENDENT STUDY IN ENSC,2,4
ENSC,4333,INTRO TO GLOBAL CLIMATE CHANGE,3,4
ENSC,4362,ENVIRONMENTAL SCIENCE SEMINAR,3,4
ENSC,4379,INTRNSHP IN ENVIRONMENTAL SCI,3,4
ENSC,4389,INDEPENDENT STUDY IN ENSC,3,4
ENSC,4391,TOPICS IN ENVIRONMENTAL SCIENC,3,4
ENSC,5031,TEACHING ENVIR SCI,3,5
ENSC,5135,STATISTICS FOR ENVIRONMENTAL S,3,5
ENSC,5331,WETLANDS,3,5
ENSC,5333,FUNDAMENTALS OF ENVIRON ENG,3,5
ENSC,5530,RESEARCH METHODS: ENVIRON SCI,3,5
ENSC,5915,COOP EDUCATION WORK TERM,1,5
ENSC,5919,IND STUDY IN ENSC,1,5
ENSC,5929,IND STUDY IN ENSC,2,5
ENSC,5931,TOPICS IN ENVIRONMENTAL SCI,3,5
ENSC,5939,INDEPEND STUDY IN ENVIRON SCI,3,5
ENSC,6731,GRADUATE SEMINAR,3,5
ENSC,6838,RESEARCH PROJECT AND SEMINAR,3,5
ENSC,6939,MASTER'S THESIS; ENVIRON SCI,3,5
ENVR,3311,FOUNDATIONS ENVR MANAGEMENT,3,3
ENVR,4189,INDT STUDY IN ENVR MANAGEMENT,1,4
ENVR,4311,PRIN OF AIR QUALITY MANAGEMENT,3,4
ENVR,4312,WATER MANAGEMENT PRINCIPLES,3,4
ENVR,4313,TECHNIQUES OF ENVR ASSESSMENT,3,4
ENVR,4315,INTRODUCTION TO ENVR LAW,3,4
ENVR,4317,SOLID WASTE MGMT PRACTICES,3,4
ENVR,4331,ENVIRONMENTAL PUBLIC POLICY,3,4
ENVR,4332,THE PROCESS OF ENVR PERMITTING,3,4
ENVR,4333,INTRO TO POLLUTION CONTRL TECH,3,4
ENVR,4336,ADM PRACTICE & ETHICAL ISSUES,3,4
ENVR,4379,INTERNSHIP IN ENVR MGMT,3,4
ENVR,4389,INDT STUDY IN ENVR MANAGEMENT,3,4
ENVR,4391,SELECTED TOPICS IN ENVR MGMT,3,4
ENVR,5134,OIL & HAZARDOUS MATERIALS SPIL,3,5
ENVR,5331,ENVIRONMENTAL ECONOMICS,3,5
ENVR,5332,ENVIRONMENTAL LAW,3,5
ENVR,5333,AIR QUALITY MANAGEMENT,3,5
ENVR,5336,SOLID WASTE MANAGEMENT,3,5
ENVR,5437,MANAGING ENVR & ETHICAL ISSUES,3,5
ENVR,5532,WATER MANAGEMENT,3,5
ENVR,5533,POLLUTION CONTROL TECHNOLOGY,3,5
ENVR,5534,PERMITS AND PROCEDURES,3,5
ENVR,5537,MANAGING CONTAMINATED SITES,3,5
ENVR,5931,RESEARCH TOPICS ENVR MGMT,3,5
ENVR,5939,INDT. STU. IN ENVR. MANAGEMENT,3,5
ENVR,6132,ENVR ASSESSMENT,3,5
ENVR,6133,ENVIRONMENTAL RISK MANAGEMENT,3,5
ENVR,6332,ECOLOGICAL ISSUES FOR FUTURE,3,5
ENVR,6732,ENVR MANAGEMENT PRACTICES,3,5
ENVR,6739,INTERNSHIP IN ENVR MGMT,3,5
ENVR,6939,MASTER THESIS RESEARCH,3,5
EXHS,5130,EPIDEMIOLOGY,3,5
EXHS,5131,APPLIED EXERCISE PHYSIOLOGY,3,5
EXHS,5132,APPLIED EXERCISE PHYSIOLOGY,3,5
EXHS,5133,SPORTS NUTRITION,3,5
EXHS,5230,BIOSTATISTICS IN PUBLIC HEALTH,3,5
EXHS,5231,TECH IN HUMAN PERF,3,5
EXHS,5333,ORGANIZATIONAL WELLNESS,3,5
EXHS,5335,EXER PRIN SPECIAL POPULATIONS,3,5
EXHS,5931,RESEARCH TOPICS IN HEALTH,3,5
EXHS,5939,INDT STUDY IN HLTH,3,5
EXHS,6031,PUBLIC HEALTH POLICY,3,5
EXHS,6032,ADV SEM IN SPORTS MED,3,5
EXHS,6033,LAB TECHNIQUES & RES DESIGN,3,5
EXHS,6035,STATS IN EXERCISE SCIENCE,3,5
EXHS,6036,BIOMECHANICS SPORTS & EXERCISE,3,5
EXHS,6037,ADV SEM IN PEAK PERFORMANCE,3,5
EXHS,6039,RESEARCH IN HUMAN PERFORMANCE,3,5
EXHS,6330,ADV SEMINAR IN PUBLIC HEALTH,3,5
EXHS,6739,GRADUATE INTERNSHIP,3,5
EXHS,6839,MASTER'S PROJECT RESEARCH,3,5
EXHS,6939,MASTER'S THESIS RESEARCH,3,5
FINC,3301,PERSONAL MONEY MANAGEMENT,3,3
FINC,3331,BUSINESS FINANCE,3,3
FINC,3333,INTERMEDIATE FINANCIAL MGMT,3,3
FINC,3336,RISK MANAGEMENT,3,3
FINC,3351,REAL ESTATE INVESTMENT,3,3
FINC,3353,INVESTMENTS,3,3
FINC,4331,CONTEMPORARY FINC INSTITUTIONS,3,4
FINC,4341,STRUCTURE OF FINC. STATEMENTS,3,4
FINC,4351,INT'L FINANCIAL OPERATIONS,3,4
FINC,4352,SEM IN INTERNATIONAL FINANCE,3,4
FINC,4353,FINANCIAL DERIVATIVES,3,4
FINC,4356,INCOME TAXATION,3,4
FINC,4361,TREASURY MANAGEMENT,3,4
FINC,4373,RETIREMENT & BENEFIT PLANNING,3,4
FINC,4376,ESTATE PLANNING,3,4
FINC,4379,INTERNSHIP IN FINANCE,3,4
FINC,4389,INDT STUDY IN FINANCE,3,4
FINC,4391,RESEARCH TOPICS,3,4
FINC,5031,FINANCIAL ANALYSIS,3,5
FINC,5131,FINANCIAL SYSTEM,3,5
FINC,5133,CORPORATE FINANCE,3,5
FINC,5134,REAL ESTATE ANLYS & FIN,3,5
FINC,5231,QUANTITATIVE METHODS,3,5
FINC,5331,TREASURY MANAGEMENT,3,5
FINC,5332,FINANCIAL STATEMENTS,3,5
FINC,5333,PERSONAL WEALTH MANAGEMENT,3,5
FINC,5532,BUDGET & CONTROL-GOVT/SVC ORG,3,5
FINC,5733,RETIREMENT & BENEFITS PLANNING,3,5
FINC,5931,RESEARCH TOPICS IN FINANCE,3,5
FINC,5939,INDEPENDENT STUDIES IN FINANCE,3,5
FINC,6131,COMMERCIAL BANKING,3,5
FINC,6231,INVESTMENT MANAGEMENT,3,5
FINC,6233,OPTIONS AND FUTURES,3,5
FINC,6234,PORTFOLIO MANAGEMENT,3,5
FINC,6531,INTERNATIONAL FINANCE,3,5
FINC,6533,SEM IN INTERNATIONAL FINANCE,3,5
FINC,6731,SEMINAR IN FINANCE,3,5
FINC,6739,INTERNSHIP IN FINANCE,3,5
FINC,6939,MASTER'S THESIS RESEARCH,3,5
GEOG,1301,MODERN PHYSICAL GEOGRAPHY,3,1
GEOG,1302,GLOBAL GEOGRAPHY,3,1
GEOG,1303,WORLD REGIONAL GEOGRAPHY,3,1
GEOG,4300,GEOGRAPHY OF THE US AND CANADA,3,4
GEOG,4301,URBAN GEOGRAPHY,3,4
GEOG,4302,GEOGRAPHY OF LATIN AMERICA,3,4
GEOG,4303,GEOGRAPHY OF TEXAS,3,4
GEOG,4304,PRIN OF MAP READING/INTERPRET,3,4
GEOG,4306,SERVICE LEARNING,3,4
GEOG,4311,HISTORICAL GEOGRAPHY,3,4
GEOG,4312,HUMAN GEOGRAPHY,3,4
GEOG,4314,TEACHING GEOGRAPHY,3,4
GEOG,4315,POLITICAL GEOGRAPHY,3,4
GEOG,4316,ECONOMIC GEOGRAPHY,3,4
GEOG,4317,INTRODUCTION TO GLOBALIZATION,3,4
GEOG,4321,FUNDAMENTALS OF GIS,3,4
GEOG,4322,PROBS IN GEOG INFO SYSTEMS,3,4
GEOG,4323,ADVANCED GEOG INFO SYSTEMS,3,4
GEOG,4389,INDT STUDY IN GEOG,3,4
GEOG,4391,SELECTED TOPICS IN GEOG,3,4
GEOG,5132,URBAN POLITICAL ECOLOGY,3,5
GEOG,5134,GEOG INFO SYSTEMS,3,5
GEOG,5231,APPROACHES TO GEOGRAPHIC EDUC,3,5
GEOG,5931,RESEARCH TOPICS IN GEOG,3,5
GEOG,5939,INDT STUDY IN GEOGRAPHY,3,5
GEOL,1103,LAB FOR PHYSICAL GEOLOGY,1,1
GEOL,1104,LAB FOR HISTORICAL GEOLOGY,1,1
GEOL,1303,PHYSICAL GEOLOGY,3,1
GEOL,1304,HISTORICAL GEOLOGY,3,1
GEOL,2107,LAB FOR GEOL FIELD METHODS,1,2
GEOL,2309,MINERALOGY AND PETROLOGY I,3,2
GEOL,3117,LAB FOR MINERALOGY PETROLOGY I,1,3
GEOL,3240,GEOLOGICAL FIELD METHODS,2,3
GEOL,3304,FUNDAMENTALS OF PLANETARY GEOL,3,3
GEOL,3305,FUNDAMENTALS OF EARTH SCIENCE,3,3
GEOL,3307,GEOGRAPHICAL INFORMATION SYSTE,3,3
GEOL,3333,ENVIRON GEOL,3,3
GEOL,3361,PHOTOGEOLOGY,3,3
GEOL,4101,LABORATORY FOR EARTH SCIENCE,1,4
GEOL,4145,LAB FOR STRUCTURAL GEOLOGY,1,4
GEOL,4189,INDT STUDY IN GEOLOGY,1,4
GEOL,4191,SELECTED TOPICS IN GEOLOGY,1,4
GEOL,4222,LABORATORY FOR GEOMORPHOLOGY,2,4
GEOL,4291,SELECTED TOPICS IN GEOLOGY,2,4
GEOL,4311,GEOLOGY OF TEXAS,3,4
GEOL,4323,SOILS IN THE ENVIRONMENT,3,4
GEOL,4324,GEOMORPHOLOGY,3,4
GEOL,4325,SEDIMENTATION AND STRATIGRAPHY,3,4
GEOL,4326,OCEANOGRAPHY,3,4
GEOL,4327,NATURAL DISASTERS,3,4
GEOL,4333,INTRO TO GLOBAL CLIMATE CHANGE,3,4
GEOL,4335,APPLIED GIS,3,4
GEOL,4345,STRUCTURAL GEOLOGY,3,4
GEOL,4351,HYDROGEOLOGY,3,4
GEOL,4356,SOIL & GROUNDWATER REMEDIATION,3,4
GEOL,4375,PETROLEUM GEOLOGY,3,4
GEOL,4389,INDT STUDY IN GEOLOGY,3,4
GEOL,4391,SELECT TOPICS IN GEOLOGY,3,4
GEOL,5233,ENVIRONMENTAL GEOCHEMISTRY,3,5
GEOL,5331,ADV ENVIRONMENTAL GEOLOGY,3,5
GEOL,5333,WETLANDS,3,5
GEOL,5531,HYDROLOGY OF GROUNDWATER,3,5
GEOL,5532,HYDROLOGY OF SURFACEWATER,3,5
GEOL,5631,REMOTE SENSING:APPS IN GEOLOGY,3,5
GEOL,5632,HAZRDOUS MATERIAL IN GEOL ENVR,3,5
GEOL,5730,PLANETARY GEOLOGY,3,5
GEOL,5931,RESEARCH TOPICS,3,5
GEOL,5939,INDT. STU.-GEOLOGICAL SCIENCE,3,5
HADM,3311,FOUNDATIONS OF HC ADMIN LDRSHP,3,3
HADM,3322,FINC DIMENS OF HC ADMIN I,3,3
HADM,3333,HEALTHCARE ECONOMICS,3,3
HADM,3351,PHYSICIAN GROUP PRACTICE MGMT,3,3
HADM,4312,HEALTHCARE PLANNING & MKTG,3,4
HADM,4313,HEALTH POLICY,3,4
HADM,4316,MEDICAL REIMBURSEMENT,3,4
HADM,4317,"HC ETHICS, VALUES & SOCIAL RES",3,4
HADM,4318,MANAGED CARE,3,4
HADM,4326,HOSPITAL OPERATIONS,3,4
HADM,4332,LEGAL DIMEN OF HEALTHCARE ADM,3,4
HADM,4341,HR IN HEALTHCARE ADMIN,3,4
HADM,4342,INTRO TO LONG TERM CARE ADMIN,3,4
HADM,4343,INTRODUCTION TO PUBLIC HEALTH,3,4
HADM,4351,FINC DIMENS OF HC ADMIN II,3,4
HADM,4379,INTERNSHIP IN HEALTHCARE ADMIN,3,4
HADM,4389,INDT STUDY IN HLTHCARE ADMN,3,4
HADM,4391,SELECTED TOPICS HLTHCARE ADMN,3,4
HADM,5032,FOUNDATIONS OF HLTHCR DELIVERY,3,5
HADM,5033,LEADERSHIP OF ORGANIZATIONS IN,3,5
HADM,5131,HLTHCARE HUMAN RESOURCES MGMT,3,5
HADM,5132,MANAGERIAL EPIDEMIOLOGY,3,5
HADM,5133,HEALTH POLICY,3,5
HADM,5232,FINC MGMT OF HEALTHCARE ORGS I,3,5
HADM,5233,FINANCIAL MANAGEMENT II,3,5
HADM,5234,"HCARE ETHICS,VALUES&SOC RESPON",3,5
HADM,5331,PLANNING HEALTHCARE SERVICES,3,5
HADM,5332,EVALUATION OF HEALTH SERVICES,3,5
HADM,5333,HEALTHCARE ECONOMICS,3,5
HADM,5334,MARKETING HEALTHCARE SERVICES,3,5
HADM,5431,HEALTHCARE INFO TECHNOLOGY,3,5
HADM,5433,INTRODUCTION TO PUBLIC HEALTH,3,5
HADM,5531,GROUP PRACTICE MANAGEMENT,3,5
HADM,5731,HEALTHCARE QUALITY,3,5
HADM,5911,RES. TOPICS IN HEALTHCARE ADMN,1,5
HADM,5931,RSRCH TOPICS IN HLTHCARE ADMIN,3,5
HADM,5939,INDPT STUDIES IN HLTHCARE ADMN,3,5
HADM,6132,LEGL ASPECTS OF HLTHCARE SYSTM,3,5
HADM,6133,"HLTHCARE FAC PLAN,DSGN & CONST",3,5
HADM,6136,EMERGING ISSUES IN HEALTHCARE,3,5
HADM,6235,INTEGRATED DELIVERY SYSTEMS,3,5
HADM,6236,HOSPITAL OPERATIONS,3,5
HADM,6237,HEALTHCARE CONSULT & ENTREPREN,3,5
HADM,6539,GRAD RESIDENCY HLTHCARE ADM,3,5
HADM,6738,SEM HCARE POLICY & LEADERSHIP,3,5
HADM,6739,INTERNSHIP IN HLTHCARE ADMIN,3,5
HADM,6939,MASTERS THESIS RESEARCH,3,5
HADM,6969,MASTER'S THESIS RESEARCH,6,5
HIST,1301,US HISTORY I,3,1
HIST,1302,US HISTORY II,3,1
HIST,2301,TEXAS HISTORY,3,2
HIST,2321,WORLD CIVILIZATION I,3,2
HIST,2322,WORLD CIVILIZATION II,3,2
HIST,3301,ANCIENT WORLD,3,3
HIST,3303,ANCIENT GREECE,3,3
HIST,3305,ANCIENT ROME,3,3
HIST,3307,MEDIEVAL EUROPE,3,3
HIST,3309,RENAISSANCE AND REFORMATION,3,3
HIST,3311,REVOLUTIONARY EUROPE,3,3
HIST,3313,MODERN EUROPE,3,3
HIST,3315,MODERN BRITAIN,3,3
HIST,3316,HISTORICAL STUDIES,3,3
HIST,3317,INTRO TO LATIN AMER HISTORY,3,3
HIST,3319,COLONIAL LATIN AMERICA,3,3
HIST,3321,MODERN LATIN AMERICA,3,3
HIST,3323,HISTORY OF MEXICO,3,3
HIST,3325,COLONIAL AMERICA,3,3
HIST,3327,THE NEW AMERICAN NATION,3,3
HIST,3329,ANTEBELLUM AMERICA,3,3
HIST,3330,CIVIL WAR & RECONSTRUCTION,3,3
HIST,3333,GROWTH OF INDUSTRIAL AMERICA,3,3
HIST,3335,U.S. 1919-1945,3,3
HIST,3337,U.S. SINCE 1945,3,3
HIST,3340,WOMEN IN EUROPEAN HISTORY,3,3
HIST,3341,WOMEN IN AMERICAN HISTORY,3,3
HIST,3345,REEL AMERICA I,3,3
HIST,3347,REEL AMERICA II,3,3
HIST,4189,INDT STUDY HISTORY,1,4
HIST,4289,INDT STUDY HISTORY,2,4
HIST,4301,STUDIES IN EUROPEAN HISTORY,3,4
HIST,4303,REEL EUROPE,3,4
HIST,4305,NAZI CINEMA & 3RD REICH,3,4
HIST,4307,"HOLOCAUST: HIST, LIT & FILM",3,4
HIST,4308,THE MEXICO BORDERLANDS,3,4
HIST,4309,STUDIES IN LATIN AMER HISTORY,3,4
HIST,4310,LATIN AMERICA AND THE U.S.,3,4
HIST,4311,STUDIES IN NATIVE AMER HISTORY,3,4
HIST,4313,STUDIES IN U.S. HISTORY,3,4
HIST,4315,STU IN AFRICAN AMERICAN HIST,3,4
HIST,4317,THE U S WEST,3,4
HIST,4319,U.S. LABOR HISTORY,3,4
HIST,4321,THE US AND WORLD WAR II,3,4
HIST,4323,THE VIETNAM WAR IN FILM,3,4
HIST,4325,STUDIES IN MIDDLE EASTERN HIST,3,4
HIST,4329,HISTORY OF FEMINISM,3,4
HIST,4389,INDT STUDY IN HISTORY,3,4
HIST,4391,SELECTED TOPICS IN HIST,3,4
HIST,5031,RESEARCH AND METHODS SEMINAR,3,5
HIST,5130,U.S. & THE SOVIET UNION,3,5
HIST,5131,STUDIES IN EARLY AMERICAN HIST,3,5
HIST,5132,THE CIV WAR & RECON,3,5
HIST,5133,"ANTEBELLUM AMERICA, 1815-1865",3,5
HIST,5138,LOCAL HISTORY SEMINAR,3,5
HIST,5230,REEL EUROPE,3,5
HIST,5232,U.S. SOCIAL MOVEMENTS,3,5
HIST,5233,"U.S., 1877-1919",3,5
HIST,5234,"U.S., 1919-1945",3,5
HIST,5235,U.S. SINCE 1945,3,5
HIST,5236,STUDIES IN HISTORY AND FILM,3,5
HIST,5237,NAZI CINEMA & 3RD REICH,3,5
HIST,5238,WEIMAR CINEMA & THE GREAT WAR,3,5
HIST,5239,THE VIETNAM WAR IN FILM,3,5
HIST,5330,MEM & REP IN HOLOCAUST CINE,3,5
HIST,5430,STUDIES IN WOMEN'S HISTORY,3,5
HIST,5431,BIOGRAPHY IN EUROPEAN HISTORY,3,5
HIST,5432,STUDIES IN EUROPEAN HISTORY,3,5
HIST,5433,REFORMATION EUROPE,3,5
HIST,5434,STUDIES IN LATIN AMERICAN HIST,3,5
HIST,5439,STUDIES IN MIDDLE EASTERN HIST,3,5
HIST,5931,RESEARCH TOPICS IN HISTORY,3,5
HIST,5939,INDEPENDENT STUDY IN HISTORY,3,5
HIST,6839,MASTER'S PROJECT RESEARCH,3,5
HIST,6909,COMPREHENSIVE EXAM,0,5
HIST,6939,MASTER:S THESIS RESEARCH,3,5
HLTH,2110,TEAM GAMES AND SPORTS,1,2
HLTH,2113,INDIVIDUAL GAMES AND SPORTS,1,2
HLTH,2115,INNOVATIVE GAMES AND SPORTS,1,2
HLTH,2301,INTRO TO EXERCISE SCIENCE,3,2
HLTH,2303,PERSONAL HEALTH AND FITNESS,3,2
HLTH,3301,"HEALTH, EMERG CARE & FIRST AID",3,3
HLTH,3302,HLTH & PHYS EDUC - EC-6 SURVEY,3,3
HLTH,3303,NUTRITION AND WEIGHT MANAGEMEN,3,3
HLTH,3304,PRINCIPLES OF PHYSICAL FITNESS,3,3
HLTH,3309,EVIDENCE-BASED PRACTICE,3,3
HLTH,3315,HEALTH PROMOTION PROGRAMS,3,3
HLTH,3316,APPLIED KINESIOLOGY,3,3
HLTH,3317,MOTOR DEVELOPMENT & LEARNING,3,3
HLTH,3318,INTRODUCTION TO COMMUNITY HEAL,3,3
HLTH,3320,HEALTH INEQUALITIES,3,3
HLTH,4301,PHYSIOLOGY OF EXERCISE,3,4
HLTH,4302,BIOMECHANICS,3,4
HLTH,4305,SEMINAR IN SPORTS MEDICINE,3,4
HLTH,4307,PEAK PERFORMANCE,3,4
HLTH,4308,RESISTIVE EXER: THEO. & PRAC.,3,4
HLTH,4309,RESEARCH PRACTICUM,3,4
HLTH,4311,METHODS PHYSICAL EDUCATION I,3,4
HLTH,4312,METHODS PHYSICAL EDUCATION II,3,4
HLTH,4370,UNDERGRAD PRACTICUM,3,4
HLTH,4378,CAPSTONE IN FHP,3,4
HLTH,4379,INTERNSHIP,3,4
HLTH,4389,INDT STUDY IN HEALTH,3,4
HLTH,4391,SELECTED TOPICS IN HEALTH,3,4
HMRS,5131,HUMAN RESOURCE MGMT PROCESSES,3,5
HMRS,5231,LEGAL ENVR OF HUMAN RES MGMT I,3,5
HMRS,5235,PROJECT MGMT IN HMRS,3,5
HMRS,5433,COMPENSATION AND BENEFITS,3,5
HMRS,5435,"EMPLOYEE PLAN, STAFFING & SEL",3,5
HMRS,5437,HUMAN RESOURCE INFO SYSTEMS,3,5
HMRS,5531,TRAINING AND DEVELOPMENT,3,5
HMRS,5533,HR METRICS AND PERF. MGMT.,3,5
HMRS,5931,RESEARCH TOPICS IN HMRS,3,5
HMRS,5939,INDT STU IN HUMAN RESOURCES,3,5
HMRS,6733,SEM IN HUMAN RESOURCE MGMT I,3,5
HMRS,6735,SEMINAR IN HR MGMT,3,5
HMRS,6739,INTERNSHIP IN HUMAN RESOURCE,3,5
HMRS,6839,MASTER'S PROJECT RESEARCH,3,5
HMRS,6939,MASTER'S THESIS RESEARCH,3,5
HSAF,4300,STUDY ABROAD,3,4
HSAF,5030,STUDY ABROAD,3,5
HUMN,1301,HUMANITIES,3,1
HUMN,3350,ART 1900-1950,3,3
HUMN,3351,ART 1950-PRESENT,3,3
HUMN,3355,LATIN AMERICAN ART OF 20TH C,3,3
HUMN,3356,"MEXICAN ART, 1500-PRESENT",3,3
HUMN,3357,HISTORY & THEORY PHOTOGRAPHY,3,3
HUMN,3374,CRITICAL INQUIRY,3,3
HUMN,3375,IDEAS IN TRANSITION,3,3
HUMN,4195,COOPERATIVE EDUCATION,1,4
HUMN,4308,INTRO TO WOMEN'S STUDIES,3,4
HUMN,4312,ART ANCIENT IRAQ & NEAR EAST,3,4
HUMN,4315,ART ANCIENT GREEK WORLD,3,4
HUMN,4322,ROMAN ART,3,4
HUMN,4326,STUDIES IN FILM,3,4
HUMN,4364,MUSEUM STUDIES,3,4
HUMN,4366,PROPAGANDA & PERSUASIVE IMAGES,3,4
HUMN,4372,SEMINAR IN WOMEN'S STUDIES,3,4
HUMN,4375,SENIOR SEMINAR,3,4
HUMN,4379,INTERNSHIP,3,4
HUMN,4389,INDT STUDY IN HUMANITIES,3,4
HUMN,4391,SELECTED TOPICS IN HUMANITIES,3,4
HUMN,5030,HISTORY OF IDEAS I,3,5
HUMN,5031,TEXTS AND IMAGES I,3,5
HUMN,5032,HISTORY OF IDEAS II,3,5
HUMN,5033,TEXTS AND IMAGES II,3,5
HUMN,5034,GLOBAL HUMANITIES I,3,5
HUMN,5035,TEXTS AND IMAGES III,3,5
HUMN,5036,GLOBAL HUMANITIES II,3,5
HUMN,5037,WRIT FOR TECHNICAL PROFESSIONS,3,5
HUMN,5131,WRITING FOR BUS PROFESSIONS,3,5
HUMN,5133,PUBLIC RELATIONS WRITING,3,5
HUMN,5134,EDITING,3,5
HUMN,5233,ART ANCIENT IRAQ & NEAR EAST,3,5
HUMN,5234,ART ANCIENT GREEK WORLD,3,5
HUMN,5235,MUSEUMS & THE PUBLIC,3,5
HUMN,5236,STUDIES IN FILM,3,5
HUMN,5237,STUDIES IN ART HISTORY,3,5
HUMN,5238,WORLD CINEMA,3,5
HUMN,5239,INDIAN CINEMA,3,5
HUMN,5336,PHILOSOPHY OF RELIGION,3,5
HUMN,5430,ISSUES ART HIST I: ANCT-MDRN,3,5
HUMN,5431,ISSUES ART HIST II: RENAIS-PRE,3,5
HUMN,5732,SEMINAR IN WOMEN'S STUDIES,3,5
HUMN,5915,COOPERATIVE EDUCATION,1,5
HUMN,5931,TOPICS IN HUMANITIES,3,5
HUMN,5939,INDT. STU. IN HUMANITIES,3,5
HUMN,6739,INTERNSHIP,3,5
HUMN,6839,MASTER PROJ RESEARCH,3,5
HUMN,6909,COMPREHENSIVE EXAM,0,5
HUMN,6939,MASTER THESIS RESRCH,3,5
INDH,3311,INDUSTRIAL HEALTH AND HYGIENE,3,3
INDH,3332,PRINCIPLES OF SAFETY,3,3
INDH,3333,ENVIRONMENTAL SAFETY & HEALTH,3,3
INDH,3340,TECH OF SAFETY ENGINEER&ANALYS,3,3
INDH,4195,COOPERATIVE EDUCATION WORK TRM,1,4
INDH,4311,NOISE AND HEARING CONSERVATION,3,4
INDH,4315,INDUSTRIAL RADIOLOGICAL HEALTH,3,4
INDH,4316,SYSTEM SAFETY & ACCIDENT INVES,3,4
INDH,4321,"ERGO., HF &WORKSPACE DESIGN",3,4
INDH,4322,INDST HYGIENE SAMPLING ANLY,3,4
INDH,4323,HAZMAT & EMERGENCY MGMT,3,4
INDH,4324,FIRE SAFETY ENGINEER,3,4
INDH,4333,CONST & GEN IND SAFETY,3,4
INDH,4341,ADV STUDIES IN IH/SAFETY,3,4
INDH,4365,SENIOR PROJECT,3,4
INDH,4379,INTERN IN INDUST HYGIENE/SAFTY,3,4
INDH,4389,INDT STUDY IN INDUST HYGIENE,3,4
INDH,4391,TOPICS IN INDUSTRIAL HYGIENE,3,4
INDH,5131,CONT OF OCCUPAT & ENVIR HAZARD,3,5
INDH,5233,RECOG OF OCCUPATIONAL DISEASES,3,5
INDH,5333,AIR POLLUTION,3,5
INDH,5334,HUMAN FACTORS ENGINEERING,3,5
INDH,5335,ERGO METHODS AND ANALYSIS TECH,3,5
INDH,5336,"SAFETY,HEALTH AND ENVIRONMENTA",3,5
INDH,5739,INTERN IN INDUSTRIAL HYGIENE,3,5
INDH,5915,COOP EDUCATION WORK TERM,1,5
INDH,5919,INDEPENDENT STUDY IN INDH,1,5
INDH,5931,RES TOPICS IND HYGIENE&SAFETY,3,5
INDH,5939,INDEPENDENT STUDY IN INDH,3,5
INDH,6135,RADIATION PROTECTION,3,5
INDH,6232,ANALY METHOD FOR EVAL OF H & H,3,5
INDH,6332,SAFETY ENGINEERING,3,5
INST,3313,SURVEY OF INSTRUCTIONAL TECHN,3,3
INST,4355,ELEARNING,3,4
INST,4357,MULTIMEDIA FOR INSTRUCTION,3,4
INST,4365,WEB DEVELOPMENT,3,4
INST,4389,INDT STUDY IN INSTRUC TECH,3,4
INST,4391,SELECTED TOPICS IN INSTR TECH,3,4
INST,5011,ASSIST-ADAPT COMP APPS,1,5
INST,5035,CREATING DIGITAL RESOURCES,3,5
INST,5130,LEARNING THEORY AND INSTR,3,5
INST,5131,TRENDS & ISSUES,3,5
INST,5135,MULTIMEDIA FOR DESIGN EDU.,3,5
INST,5233,PERFORMANCE TECHNOLOGY,3,5
INST,5333,SYS DESIGN OF TECH-BASED INSTR,3,5
INST,5433,INSTL DES PROJ MGMT/GRNT WRIT,3,5
INST,5535,INTERNET FOR INSTRUCTION,3,5
INST,5635,INST WEB DESIGN & DEVELOPMENT,3,5
INST,5735,ADVANCED WEB DEVELOPMENT,3,5
INST,5835,DIGITL VID PROD FOR EDUC/TRNR,3,5
INST,5919,INDT STUDY IN INSTR TECHNOLOGY,1,5
INST,5931,RSRCH TOPICS IN INST COMPUTING,3,5
INST,5939,INDT STUDY IN INSTR TECHNOLOGY,3,5
INST,6031,APPLICATIONS OF TECHNOLOGY,3,5
INST,6037,ADVANCED TECHNOLOGY APPL,3,5
INST,6137,TECHNOLOGY AND ELEARNING,3,5
INST,6237,ADVANCED INSTRUCTIONAL DESIGN,3,5
INST,6337,MOTIVATIONAL DESIGN OF INSTR,3,5
INST,6437,INTERACTIVE DISTANCE EDUCATION,3,5
INST,6537,MGMT OF COMPUTER RESOURCE,3,5
INST,6637,ANALYZING EMERG USES OF TECH,3,5
INST,6737,TRAINING PRACTICUM,3,5
INST,6739,INSTRUCTIONAL TECHNOLOGY PRACT,3,5
ISAM,1305,BUSINESS COMPUTER APPLICATIONS,3,1
ISAM,3303,INFO SYSTEMS FOR MGMT,3,3
ISAM,3304,INTRO TO BUS APP PROGRAMMING,3,3
ISAM,3314,APPLICATIONS DEVELOPMENT JAVA,3,3
ISAM,3331,INTRO BUS DB APP DEV,3,3
ISAM,3332,APPLICATIONS WITH VISUAL BASIC,3,3
ISAM,3333,APPLICATIONS WITH C#,3,3
ISAM,4331,INTRO BUS INTERNET APP DEV,3,4
ISAM,4332,ADV BUS INTERNET APP DEV,3,4
ISAM,4360,ADV BUS SPREADSHEET APP DEV,3,4
ISAM,4362,ADV BUSINESS APP DEVELOPMENT,3,4
ISAM,4365,ANALYS DESIGN INFO SYSTS,3,4
ISAM,4366,INTRO COMP NETWORK MGMT,3,4
ISAM,4367,ADV COMP NETWORK PROTOCOLS,3,4
ISAM,4379,INTERNSHIP IN MIS,3,4
ISAM,4389,INDEPENDENT STUDY MIS,3,4
ISAM,4391,SPECIAL TOPICS MIS,3,4
ISAM,5030,FUNDAMENTALS OF BUS PROG APPS,3,5
ISAM,5329,MANAG OF INFO TECH,3,5
ISAM,5330,MANAGEMENT INFO SYSTEMS,3,5
ISAM,5331,FUND DB DESIGN & DEV,3,5
ISAM,5332,DATA WAREHOUSING & DATA MINING,3,5
ISAM,5335,ADV APP DEV WITH VB,3,5
ISAM,5337,INTERNET APPLICATIONS DEV,3,5
ISAM,5338,ADV INTERNET APP DEVELOPMENT,3,5
ISAM,5339,FUND OF COMP NETWORKING,3,5
ISAM,5430,ADV APP DEV WITH C#,3,5
ISAM,5431,ERP PRACTICES,3,5
ISAM,5437,WIRELESS NETWORKS,3,5
ISAM,5439,COMPUTER NETWORK SECURITY,3,5
ISAM,5531,CLIENT/SERVER SYST ADMIN,3,5
ISAM,5631,MANAGEMENT INFORMATION SYSTEMS,3,5
ISAM,5632,ADV DB APPLICATIONS DEV,3,5
ISAM,5633,ORACLE DB ADMIN,3,5
ISAM,5635,SYSTEMS ANALYSIS AND DESIGN,3,5
ISAM,5636,ADV COMPUTER NETWORKING,3,5
ISAM,5637,INF SYS PROJECT MANAGEMENT,3,5
ISAM,5638,ADV APP PROGRAMMING JAVA,3,5
ISAM,5639,SQL SERVER DB ADMIN,3,5
ISAM,5731,INFO SYST AUDIT & SECURITY,3,5
ISAM,5732,FUND OF WINDOWS ADMIN,3,5
ISAM,5733,ADV WINDOWS ADMIN,3,5
ISAM,5931,RESEARCH TOPICS MIS,3,5
ISAM,5939,INDEPENDENT STUDY MIS,3,5
ISAM,6739,INTERNSHIP IN MIS,3,5
ITEC,3312,INTRODUCTION TO SCRIPTING,3,3
ITEC,3335,DATABASE DEVELOPMENT,3,3
ITEC,3351,WEB FUNDAMENTALS,3,3
ITEC,3365,NETWORK FUNDAMENTALS,3,3
ITEC,3381,FORENSIC FUNDAMENTALS,3,3
ITEC,3388,CYBER SECURITY I,3,3
ITEC,4189,INDEPENDENT STUDY IN ITEC,1,4
ITEC,4195,COOPERATIVE EDUCATION WORK TER,1,4
ITEC,4313,EMERGING INFORMATION TECH,3,4
ITEC,4335,DATABASE ADMINISTRATION,3,4
ITEC,4342,IT PROJECT MANAGEMENT,3,4
ITEC,4351,WEB DESIGN,3,4
ITEC,4352,BACKEND WEB DEVELOPMENT,3,4
ITEC,4365,NETWORK ADMINISTRATION,3,4
ITEC,4366,IT SECURITY & DISASTER RECOVER,3,4
ITEC,4379,INTERNSHIP IN INFORMATION TECH,3,4
ITEC,4381,COMPUTER FORENSICS,3,4
ITEC,4382,REGISTRY & INTERNET FORENSICS,3,4
ITEC,4383,CYBER SECURITY II,3,4
ITEC,4388,SENIOR PROJECT,3,4
ITEC,4389,INDEPENDENT STUDY IN ITEC,3,4
ITEC,4391,SELECTED TOPICS IN ITEC,3,4
LEGL,2301,LEGAL ENVIRONMENT OF BUSINESS,3,2
LEGL,3157,INTERNET LEGAL RESEARCH,1,3
LEGL,3307,LEGAL WRTNG AND APPELLATE PROC,3,3
LEGL,3313,INTRO LAW & AMER LEGAL SYSTEM,3,3
LEGL,3342,AM. SYSTEM OF TRIAL BY JURY,3,3
LEGL,3351,LEGAL RESEARCH,3,3
LEGL,3353,INTRO TX RULES PRE-TRIAL CIVIL,3,3
LEGL,4177,STATE BAR - CLE,1,4
LEGL,4189,INDT STUDY IN LEGAL STUDIES,1,4
LEGL,4324,THE US CONST & BILL OF RIGHTS,3,4
LEGL,4325,LEGAL CONCEPTS,3,4
LEGL,4352,FAMILY LAW & PROCEDURES,3,4
LEGL,4353,DISPUTE RESOLUTION,3,4
LEGL,4354,PROPERTY TRANSACTIONS,3,4
LEGL,4355,CRIMINAL LAW & PROCEDURE,3,4
LEGL,4356,TORTS,3,4
LEGL,4359,WILLS PROBATE AND ESTATE ADMIN,3,4
LEGL,4361,TEXAS CONSUMER LAW,3,4
LEGL,4362,ELDER LAW,3,4
LEGL,4363,INFO & DOCUMENT ASSEMBLY SYST,3,4
LEGL,4365,MOCK TRIAL,3,4
LEGL,4368,SEMINAR ON THE U.S. CONSTITUTI,3,4
LEGL,4375,PROFESSIONAL DEVELOPMENT,3,4
LEGL,4377,STATE BAR - CLE,3,4
LEGL,4379,INTERNSHIP IN LEGAL STUDIES,3,4
LEGL,4389,INDT STUDY IN LEGAL STUDIES,3,4
LEGL,4391,SELECTED TOPICS IN LEGAL STUDI,3,4
LEGL,5131,LEGAL CNCPTS FOR BUS PROF,3,5
LEGL,5931,RESEARCH TOPICS IN LEGAL STUDI,3,5
LITR,2321,BRITISH LITERATURE,3,2
LITR,2326,AMERICAN LITERATURE,3,2
LITR,2341,LITERATURE AND EXPERIENCE,3,2
LITR,2371,INTRODUCTION CREATIVE WRITING,3,2
LITR,3301,LITERARY STUD: GENRES & PERSP,3,3
LITR,3302,PRINCIPLES OF COMPOSITION,3,3
LITR,3334,MYTHOLOGY,3,3
LITR,3361,SHAKESPEARE,3,3
LITR,3371,CREATIVE WRITING,3,3
LITR,4189,INDT STUDY IN LITERATURE,1,4
LITR,4301,LITERARY THEORY,3,4
LITR,4304,WORKSHOP IN POETICS,3,4
LITR,4312,CHAUCER,3,4
LITR,4316,16TH- & 17TH-CENTURY BRITISH L,3,4
LITR,4318,RES & 18TH CENT BRITISH LITR,3,4
LITR,4320,ROMANTIC MVMT IN BRITISH LITR,3,4
LITR,4321,JANE AUSTEN,3,4
LITR,4322,VICTORIAN LITERATURE,3,4
LITR,4324,RISE & DEV THE BRITISH NOVEL,3,4
LITR,4326,EARLY AMERICAN LITERATURE,3,4
LITR,4328,THE AMERICAN RENAISSANCE,3,4
LITR,4330,AMERICAN REALISM & NATURALISM,3,4
LITR,4334,THE AMERICAN NOVEL,3,4
LITR,4335,AMERICAN MODERNISM,3,4
LITR,4336,CONTEMP AMERICAN LITERATURE,3,4
LITR,4338,AMERICAN MINORITY LITERATURE,3,4
LITR,4340,AMERICAN IMMIGRANT LITERATURE,3,4
LITR,4342,MODERN AND CONTEMPORARY DRAMA,3,4
LITR,4344,THE MODERN NOVEL,3,4
LITR,4345,CONTEMPORARY NOVEL,3,4
LITR,4346,MEDIEVAL LITERATURE,3,4
LITR,4350,MASTERPIECES OF 19TH C EUR LIT,3,4
LITR,4352,MASTERPIECES OF 20TH C EUR LIT,3,4
LITR,4356,MOD AMERICAN & BRITISH POETRY,3,4
LITR,4358,CONTEMPORARY POETRY,3,4
LITR,4360,FILM AS LITERATURE,3,4
LITR,4362,LITR OF ADOLESCENCE,3,4
LITR,4364,WOMEN IN LITERATURE,3,4
LITR,4366,LITERATURE AND RELIGION,3,4
LITR,4368,LITERATURE OF THE FUTURE,3,4
LITR,4370,TRAGEDY,3,4
LITR,4371,COMEDY,3,4
LITR,4389,INDT STUDY IN LITERATURE,3,4
LITR,4391,SELECTED TOPICS IN LITERATURE,3,4
LITR,5034,WORKSHOP IN POETICS,3,5
LITR,5036,PUBLIC RELATIONS WRITING,3,5
LITR,5037,WRIT FOR TECHNICAL PROFESSIONS,3,5
LITR,5038,WRIT FOR BUSINESS PROFESSIONS,3,5
LITR,5039,EDITING,3,5
LITR,5130,COMPOSITION: THEORY & PRACTICE,3,5
LITR,5131,STUD.IN COMPOSITION & RHETORIC,3,5
LITR,5132,LITERARY THEORY,3,5
LITR,5430,CREATIVE WRITING,3,5
LITR,5431,AMERICAN LITERATURE,3,5
LITR,5434,BRITISH LITR--PRE-RESTORATION,3,5
LITR,5435,BRITISH LITR--RES TO PRESENT,3,5
LITR,5436,MAJOR AUTHORS,3,5
LITR,5437,LITERATURE AND CULTURE,3,5
LITR,5438,LITERATURE AND GENDER,3,5
LITR,5439,"GENRE, MOVEMENT, OR STYLE",3,5
LITR,5739,WRITING CENTER PRACTICUM,3,5
LITR,5831,WORLD/MULTICULTURAL LITERATURE,3,5
LITR,5931,RESEARCH TOPICS IN LITR,3,5
LITR,5939,INDT. STU. IN LITERATURE,3,5
LITR,6739,GRADUATE INTERNSHIP,3,5
LITR,6909,COMPREHENSIVE EXAM,0,5
LITR,6939,MASTER THESIS RESEARCH,3,5
LLAS,2301,LATINA/O & LATIN AMER STD HUMN,3,2
LLAS,2302,LATINA/O & LAT AM STD HU SCI,3,2
LLAS,4309,LATINA/O & LATIN AMER STUDIES,3,4
LLLS,4311,SURVEY OF READING,3,4
LLLS,4312,LITERACY ISSUES SECNDRY STUDNT,3,4
LLLS,4313,CORRECTIVE & REMEDIAL READING,3,4
LLLS,4332,DIAGN & PRESCRIPTIVE READING,3,4
LLLS,4344,READING & WRITING FOR EC-6,3,4
LLLS,4345,SURVEY OF CHILDREN'S LIT,3,4
LLLS,4346,TEACH LANG ARTS IN THE 4-8 CLA,3,4
LLLS,4347,MULTICULTURAL LITERATURE,3,4
LLLS,4348,SELECTING LITERATURE FOR THE V,3,4
LLLS,4351,READING IN CONTENT SUBJECTS,3,4
LLLS,4352,YOUNG ADULT LIT & READ,3,4
LLLS,4364,METHODS IN SCNDRY ENG/LANG ART,3,4
LLLS,4379,PRACTICUM IN CLINICAL READING,3,4
LLLS,4389,INDT STUDY IN READING,3,4
LLLS,4391,TOPICS IN READING,3,4
LLLS,5010,PROF PREP SEM FOR READ SPCLSTS,1,5
LLLS,5012,PROF PREP SEM SCHOOL LIBRARIAN,1,5
LLLS,5131,INTEGRATING THE LANGUAGE ARTS,3,5
LLLS,5133,FOUNDATIONS OF READING,3,5
LLLS,5134,DEV READ PROG EC-8,3,5
LLLS,5135,DEV READ PROG SEC SCHOOL,3,5
LLLS,5137,MOD TRENDS IN LIT/CHILD YNG AD,3,5
LLLS,5531,CRITICAL READING AND THINKING,3,5
LLLS,5532,SELECT LITR MATL FOR YNG ADULT,3,5
LLLS,5533,SELECT LIT MATL FOR CHILDREN,3,5
LLLS,5534,FOUNDATIONS OF SECONDARY LITER,3,5
LLLS,5634,TCHG METH ENG/READ LA 8-12,3,5
LLLS,5635,THE TEACHING OF WRITING,3,5
LLLS,5738,FOUNDATIONS OF EARLY LITERACY,3,5
LLLS,5931,"RES TOPICS IN LIT, LANG & LIBR",3,5
LLLS,5939,"INDT STDY IN LIT, LANG & LIBR",3,5
LLLS,6134,SCHOOL LIBRARY COLLECTION DEVE,3,5
LLLS,6136,LIBRARIANS AS INSTRUCTIONAL PA,3,5
LLLS,6234,LIBRARIANS EMPOWERING LEARNERS,3,5
LLLS,6331,SOCIOLINGUTSTIC APPLIC TO READ,3,5
LLLS,6332,FOUND OF EARLY AND SEC LIT,3,5
LLLS,6333,GENRE STUDIES IN CHILDREN'S &,3,5
LLLS,6334,ADMINISTR OF SCHL LIBRARY SVS,3,5
LLLS,6336,MEDIA & TECHNOLOGY SEL & APP,3,5
LLLS,6338,SCHOOL LIBRARY SYSTEMS & SERVI,3,5
LLLS,6639,LDSHP/CLIN PRACT/ASSMT OF LIT,3,5
LLLS,6732,ASMNT & REMED/READ LA LITERACY,3,5
LLLS,6739,SCHOOL LIBRARY PRACTICUM,3,5
LLLS,6839,PRACTICUM IN SCHOOL LITERACY P,3,5
MATH,1314,COLLEGE ALGEBRA,3,1
MATH,1324,FINITE MATH,3,1
MATH,1325,BUSINESS CALCULUS,3,1
MATH,1332,MATH FOR LIBERAL ARTS,3,1
MATH,1342,ELEMENTARY STAT METHODS,3,1
MATH,1350,FUNDAMENTALS OF MATH I,3,1
MATH,1351,FUNDAMENTALS OF MATH II,3,1
MATH,2305,DISCRETE MATH,3,2
MATH,2315,CALCULUS III,3,2
MATH,2318,LINEAR ALGEBRA,3,2
MATH,2320,DIFFERENTIAL EQUATIONS,3,2
MATH,2412,PRE-CALCULUS MATH,4,2
MATH,2413,CALCULUS I,4,2
MATH,2414,CALCULUS II,4,2
MATH,3300,INTRO MOD. ALG & NUMBER THEORY,3,3
MATH,3301,HISTORY OF MATH SCI,3,3
MATH,3304,ALGEBRA THROUGH TECHNOLOGY,3,3
MATH,3305,EUCLIDIAN/NON-EUCLIDIAN GEOM,3,3
MATH,3306,PROBLEM SOLVING,3,3
MATH,3312,NUMBER THEORY,3,3
MATH,3331,ADVANCED CALCULUS,3,3
MATH,4189,INDT STUDY IN MATHEMATICS,1,4
MATH,4313,INTRO TO TOPOLOGY,3,4
MATH,4315,NUMERICAL ANALYSIS & ITS APPL,3,4
MATH,4316,MATH SOFTWARE APPLICATIONS,3,4
MATH,4321,PREDICATE LOGIC,3,4
MATH,4322,INTRO TO ABSTRACT ALGEBRA,3,4
MATH,4325,THEORY OF MODELS AND APPS,3,4
MATH,4341,INTRO TO ANALYSIS,3,4
MATH,4344,INTRO TO PROBABILITY,3,4
MATH,4345,INTRODUCTION TO STATISTICS,3,4
MATH,4346,PROBABILITY FOR ACTUARIAL EXAM,3,4
MATH,4348,INTRO TO FINANCIAL MATH,3,4
MATH,4350,FINANCIAL ECONOMICS,3,4
MATH,4363,FUNCTIONS OF CMPLX VAR,3,4
MATH,4389,INDT STUDY IN MATHEMATICS,3,4
MATH,4391,SELECT TOPICS IN MATHEMATICS,3,4
MATH,5031,PROBLEM SOLVING STRATEGIES,3,5
MATH,5033,INST APPLICATION OF ALGEBRA,3,5
MATH,5034,GEOMETRY SEMINAR,3,5
MATH,5035,PRECALCULUS-MATH TCHRS 10-14,3,5
MATH,5036,CALCULUS-MATH TCHRS GR 10-14,3,5
MATH,5037,TECHNOLOGY FOR MATH CURRICULUM,3,5
MATH,5131,ABSTRACT ALGEBRA,3,5
MATH,5132,REAL ANALYSIS,3,5
MATH,5133,COMPLEX ANALYSIS,3,5
MATH,5134,LOGIC,3,5
MATH,5136,ORDIN DIFF EQUA AND DYNAM SYS,3,5
MATH,5137,TOPOLOGY AND GEOMETRY,3,5
MATH,5231,LINEAR ALGEBRA,3,5
MATH,5232,NUMBER THEORY,3,5
MATH,5330,MATH SOFTWARE & MODELING SIMUL,3,5
MATH,5333,NUMERICAL ANALYSIS,3,5
MATH,5431,MATHEMATICAL MODELING APP SCI,3,5
MATH,5931,RESEARCH TOPICS IN MATH,3,5
MATH,5939,INDT STUDY IN MATH,3,5
MATH,6031,PROBLEM SOLVING STRATEGIES,3,5
MATH,6033,INSTRUCTIONAL APPS OF ALGEBRA,3,5
MATH,6034,GEOMETRY SEMINAR,3,5
MATH,6035,PRECAL FOR MATH TCH GRD 10-14,3,5
MATH,6036,CAL FOR MATH TEACHERS 10-14,3,5
MATH,6037,TECH FOR MATH CURRICULUM,3,5
MATH,6131,INTRO TO ALGBR TOPOLGY & GEOM,3,5
MATH,6837,RESEARCH PROJECT I,3,5
MATH,6838,RESEARCH PROJECT II,3,5
MATH,6939,MASTER'S THESIS RESEARCH,3,5
MENG,2301,STATICS,3,2
MENG,2302,DYNAMICS,3,2
MENG,2334,THERMODYNAMICS I,3,2
MENG,2361,INTRO TO MECHANICAL DESIGN,3,2
MGMT,3301,MGMT THEORY AND PRACTICE,3,3
MGMT,3313,ORGANIZATIONAL COMM,3,3
MGMT,3331,HUMAN RESOURCE MANAGEMENT,3,3
MGMT,3341,"HUMAN RESOURCE PLAN,STAFF,SEL",3,3
MGMT,3351,WAGE AND SALARY ADMINISTRATION,3,3
MGMT,4189,INDT STUDY IN MANAGEMENT,1,4
MGMT,4312,STRATEGIC MANAGEMENT,3,4
MGMT,4313,MGMT OF SMALL BUSINESS,3,4
MGMT,4316,HUMAN RESOURCE MGMT INFO SYS,3,4
MGMT,4325,LEGAL CONCEPTS,3,4
MGMT,4326,EFFECTIVE NEGOTIATIONS,3,4
MGMT,4327,LEADERSHIP,3,4
MGMT,4328,CROSS CULTURAL & INTL LEADERSH,3,4
MGMT,4332,ORG DESIGN & LEARNING,3,4
MGMT,4333,COLLECT BARGAINING PUBLIC SECT,3,4
MGMT,4334,LEADING TEAMS,3,4
MGMT,4336,PRINCIPLES OF ENTREPREN,3,4
MGMT,4337,APPLIED SM & FAM BUS MGMT,3,4
MGMT,4341,LEADERSHIP IN GLOBAL BUS ENVIR,3,4
MGMT,4351,INDUSTRIAL LABOR RELATIONS,3,4
MGMT,4353,INTERNATIONAL BUSINESS MGMT,3,4
MGMT,4354,ORG BEHAV THEORY AND APP,3,4
MGMT,4355,SEMINAR IN INTERNATIONAL MGMT,3,4
MGMT,4356,EMPLOYEE TRAINING AND ORG DEV.,3,4
MGMT,4357,GOVT BUDGT PLANNING & ANALYSIS,3,4
MGMT,4371,SEM SOC RESPONSIBILITY OF BUS,3,4
MGMT,4379,INTERNSHIP IN MANAGEMENT,3,4
MGMT,4389,INDT STUDY IN MANAGEMENT,3,4
MGMT,4391,SELECT TOPICS MGMT,3,4
MGMT,5031,MANAGERIAL PROCESSES,3,5
MGMT,5032,HUMAN BEHAVIOR IN ORGANIZATION,3,5
MGMT,5131,BUSINESS AND SOCIETY,3,5
MGMT,5132,HUMAN BEHAVIOR IN ORGANIZATION,3,5
MGMT,5133,TEAMWORK & LEADERSHIP SKILLS:T,3,5
MGMT,5135,"ORG TRANSF, LEARN, DESIGN",3,5
MGMT,5233,ENTREPRENEURSHIP & CORP VENT,3,5
MGMT,5234,LEADING NON-PROFIT INST.,3,5
MGMT,5238,GENDER & DIVERSITY ISSUES,3,5
MGMT,5331,PERSONNEL MGMT,3,5
MGMT,5332,LABOR RELATIONS,3,5
MGMT,5434,NEGOTIATION SKILLS & STRATS.,3,5
MGMT,5437,INT'L LEADERSHIP & INFLUENCE,3,5
MGMT,5439,POSITIVE LEADERSHIP & ETHICAL,3,5
MGMT,5636,MANAGEMENT OF TECHNOLOGY,3,5
MGMT,5638,LEADING TECHNOLOGY,3,5
MGMT,5931,RESEARCH TOPICS IN MGMT,3,5
MGMT,5939,IND STUDIES IN MANAGEMENT,3,5
MGMT,6237,COMPARATIVE LEADERSHIP,3,5
MGMT,6331,ORGANIZATION DEVELOPMENT,3,5
MGMT,6332,INTERNATIONAL BS MGMT,3,5
MGMT,6333,SEMINAR IN INTERNATIONAL MGMT,3,5
MGMT,6431,PROJECT MANAGEMENT,3,5
MGMT,6731,STRATEGIC MANAGEMENT SEMINAR,3,5
MGMT,6739,INTERNSHIP IN MANAGEMENT,3,5
MKTG,3301,PRINCIPLES OF MARKETING,3,3
MKTG,3313,MKTG CHANNEL & DISTR,3,3
MKTG,3314,LOGISTICS STRATEGY,3,3
MKTG,3331,INTEGRATED MKTG COMMUNICATION,3,3
MKTG,3332,PROFESSIONAL SELLING,3,3
MKTG,3342,BRAND MANAGEMENT,3,3
MKTG,3343,CONSUMER BEHAVIOR,3,3
MKTG,3344,INTERNET MARKETING,3,3
MKTG,3346,HEALTHCARE MARKETING,3,3
MKTG,3347,CUSTOMER RELATIONSHIP MGMT,3,3
MKTG,3348,RETAIL MANAGEMENT,3,3
MKTG,3351,MARKETING RESEARCH,3,3
MKTG,4189,INDT STUDY IN MARKETING,1,4
MKTG,4311,SALES MANAGEMENT,3,4
MKTG,4332,SERVICES MARKETING,3,4
MKTG,4333,MKTG FOR ENTREPRENEURS,3,4
MKTG,4334,MARKETING STRATEGY,3,4
MKTG,4335,BRANDS AND BRAND MANAGEMENT,3,4
MKTG,4351,INTERNATIONAL MARKETING,3,4
MKTG,4352,SEM IN INTERNATIONAL MARKETING,3,4
MKTG,4379,INTERNSHIP IN MARKETING,3,4
MKTG,4389,INDT STUDY IN MARKETING,3,4
MKTG,4391,SELECT TOPICS MKTG,3,4
MKTG,5031,MARKETING MANAGEMENT,3,5
MKTG,5332,EXECUTIVE DECISIONS IN MARKETI,3,5
MKTG,5333,ENTREPRENEURSHIP & SM BUS CONS,3,5
MKTG,5334,STRATEGIC BRAND MANAGEMENT,3,5
MKTG,5435,E-MARKETING MANAGEMENT,3,5
MKTG,5532,INTERNATIONAL MKTG STRATEGY,3,5
MKTG,5533,SEM IN INTERNATIONAL MARKETING,3,5
MKTG,5534,ADVANCED PROF SERVICES MARKETI,3,5
MKTG,5931,RESEARCH TOPICS IN MARKETING,3,5
MKTG,5939,IND STUDIES IN MARKETING,3,5
MKTG,6739,INTERNSHIP IN MARKETING,3,5
MSCI,1126,PHYS READINESS TRAINING,1,1
MSCI,1131,INTERMED PHYSICAL FITNESS,1,1
MSCI,1210,INTRO TO LEADERSHIP I,2,1
MSCI,1220,INTRO TO LEADERSHIP II,2,1
MSCI,2210,FOUNDATIONS OF LEADERSHIP I,2,2
MSCI,2220,FOUNDATIONS OF LEADERSHIP II,2,2
MSCI,2810,LEADER'S TRAIN COURSE (LTC),8,2
MSCI,3310,ADVANCED LEADERSHIP DEVELOPMEN,3,3
MSCI,3320,ADVANCED MILITARY SCIENCE,3,3
MSCI,3398,SPECIAL PROBLEMS,3,3
MSCI,3491,LEADERSHIP DEVELOPMENT ASSESSM,4,3
MSCI,4310,ADVANCED MILITARY SCIENCE,3,4
MSCI,4320,ADVANCED MILITARY SCIENCE,3,4
MSCI,4398,SPECIAL PROBLEMS,3,4
NCBI,1,NCB INTEGRATED READ AND WRITE,0,1
NCBM,1,NCB MATH,0,1
NCBR,1,NCB READING,0,1
NCBW,1,NCB WRITING,0,1
NURS,3311,HISTORY & THEORIES OF NURSING,3,3
NURS,3313,COMMUNITY AND HEALTH NURSING,3,3
NURS,3314,TRENDS AND ISSUES IN NURSING,3,3
NURS,3323,COMMUNITY AND HEALTH NURSING,3,3
NURS,4311,ROLE TRANSITION-RN TO BSN,3,4
NURS,4312,LEGAL AND ETHICAL ISSUES,3,4
NURS,4313,NURSING RESEARCH,3,4
NURS,4314,ADVANCED LEADERSHIP AND MGMT,3,4
NURS,4324,ADV LEADERSHIP & MGMT PRACTICU,3,4
NURS,4389,INDEPENDENT STUDY NURSING,3,4
PHIL,1301,INTRO TO PHILOSOPHY,3,1
PHIL,3321,LOGIC,3,3
PHIL,3331,ETHICS,3,3
PHIL,3343,PHILOSOPHY AND KNOWLEDGE I,3,3
PHIL,4314,THE GREAT PHILOSOPHERS I,3,4
PHIL,4315,THE GREAT PHILOSOPHERS II,3,4
PHIL,4322,PHILOSOPHY OF RELIGION,3,4
PHIL,4389,INDT STUDY IN PHILOSOPHY,3,4
PHIL,4391,SELECTED TOPICS IN PHILOSOPHY,3,4
PHIL,5431,METAPHYSICS,3,5
PHIL,5433,CONTINENTAL PHILOSOPHY,3,5
PHIL,5931,RESEARCH TOPICS IN PHILOSOPHY,3,5
PHIL,5939,INDEPENDENT STU. IN PHILOSOPHY,3,5
PHYS,1101,LAB FOR COLLEGE PHYSICS I,1,1
PHYS,1102,LAB FOR COLLEGE PHYSICS II,1,1
PHYS,1301,COLLEGE PHYSICS I,3,1
PHYS,1302,COLLEGE PHYSICS II,3,1
PHYS,2125,LAB FOR UNIVERSITY PHYSICS I,1,2
PHYS,2126,LAB FOR UNIVERSITY PHYSICS II,1,2
PHYS,2325,UNIVERSITY PHYSICS I,3,2
PHYS,2326,UNIVERSITY PHYSICS II,3,2
PHYS,3101,LAB FOR MTHDS IN PHYS SCI,1,3
PHYS,3103,LAB FOR MODERN PHYS,1,3
PHYS,3301,MTHDS IN PHYS SCI,3,3
PHYS,3303,MODERN PHYSICS,3,3
PHYS,3311,MATH MTHS FOR SCI & ENG I,3,3
PHYS,3312,MATH MTHS FOR SCI & ENG II,3,3
PHYS,3321,INTERMEDIATE MECHANICS,3,3
PHYS,3331,INTERMEDIATE ELECTROMAGNETISM,3,3
PHYS,3342,QUANTUM THEORY,3,3
PHYS,3351,THERMO AND STAT MECH,3,3
PHYS,4101,LAB METHODS IN PHYS SCIENCE,1,4
PHYS,4189,INDEPENDENT STUDY IN PHYSICS,1,4
PHYS,4195,COOPERATIVE EDUCATION WORK TER,1,4
PHYS,4198,INDEPENDENT STUDY IN PHYSICS,1,4
PHYS,4289,INDEPENDENT STUDY IN PHYSICS,2,4
PHYS,4301,METHODS IN THE PHYSICAL SCIENC,3,4
PHYS,4311,MATH FOR PHYS AND ENGR I,3,4
PHYS,4312,MATH FOR PHYS AND ENGR II,3,4
PHYS,4321,INTERMEDIATE MECHANICS,3,4
PHYS,4322,STATICS AND MATERIALS,3,4
PHYS,4331,INTERMEDIATE ELECTROMAGNETISM,3,4
PHYS,4333,SPECIAL RELATIVITY,3,4
PHYS,4342,QUANTUM THEORY,3,4
PHYS,4351,THERMO AND STAT MECH,3,4
PHYS,4352,FLUIDS AND HEAT TRANSFER,3,4
PHYS,4362,FUNDAMENTAL OF ASTROPARTICLE P,3,4
PHYS,4371,UNDERGRADUATE PHYSICS RESEARCH,3,4
PHYS,4372,RESEARCH SEMINAR,3,4
PHYS,4379,INTERNSHIP IN PHYSICS,3,4
PHYS,4389,INDT STUDY IN PHYSICS,3,4
PHYS,4391,SELECTED TOPICS IN PHYSICS,3,4
PHYS,5011,EXPERIMENTS IN MODERN PHYSICS,1,5
PHYS,5311,RECITATION FOR ELECTRODYNAMICS,1,5
PHYS,5331,ELECTRODYNAMICS,3,5
PHYS,5411,RECITATION FOR CLASSICAL MECHS,1,5
PHYS,5431,CLASSICAL MECHANICS,3,5
PHYS,5511,RECITATION FOR MATH METHS I,1,5
PHYS,5531,MATH METHS IN PHYS I,3,5
PHYS,5532,MATH METHS IN PHYS II,3,5
PHYS,5533,METHS IN COMP PHYSICS,3,5
PHYS,5611,RECITATION FOR QUANTUM MECH I,1,5
PHYS,5612,RECITATION FOR QUANTUM MECH II,1,5
PHYS,5631,QUANTUM MECHANICS I,3,5
PHYS,5632,QUANTUM MECHANICS II,3,5
PHYS,5711,RECITATION FOR STAT MECH,1,5
PHYS,5731,STAT MECH AND THERMODYN,3,5
PHYS,5739,INTERN IN PHYS,3,5
PHYS,5911,RESEARCH TOPICS IN PHYS,1,5
PHYS,5915,COOP ED,1,5
PHYS,5919,INDT STUDY IN PHYSICS,1,5
PHYS,5931,RESEARCH TOPICS IN PHYSICS,3,5
PHYS,5939,INDT STUDY IN PHYSICS,3,5
PHYS,6132,GENERAL RELATIVITY,3,5
PHYS,6231,PLASMA PHYSICS,3,5
PHYS,6331,ASTROPARTICLE PHYSICS,3,5
PHYS,6837,ADVANCED PHYSICS RESEARCH,3,5
PHYS,6838,RESEARCH PROJECT AND SEMINAR,3,5
PHYS,6939,MASTER'S THESIS RESEARCH,3,5
POLS,2305,FEDERAL GOVERNMENT,3,2
POLS,2306,TEXAS GOVERNMENT,3,2
POLS,3301,CONT ISSUES IN POL SCIENCE,3,3
POLS,3331,LEGISLATIVE PROCESS,3,3
POLS,3332,STATE & LOCAL GOV,3,3
POLS,3361,POLITICS AND FILM,3,3
POLS,4312,RACE & ETHNIC POLITICS,3,4
POLS,4313,CIVIL LIBERTIES IN AMERICA,3,4
POLS,4314,CHIEF EXECUTIVE,3,4
POLS,4315,JUDICIAL PROCESS,3,4
POLS,4317,VOTING & ELECTIONS,3,4
POLS,4342,INTERNATIONAL RELATIONS,3,4
POLS,4351,PUBLIC ADMINISTRATION,3,4
POLS,4354,COMPARATIVE POLITICAL SYSTEMS,3,4
POLS,4355,POLITICAL PHILOSOPHY,3,4
POLS,4356,POLITICAL ECONOMY,3,4
POLS,4360,SENIOR SEMINAR,3,4
POLS,4374,PRE-LAW SEMINAR,3,4
POLS,4380,INTERN IN GOV & POLITICS,3,4
POLS,4389,INDT STUDY IN POLITICAL SCI,3,4
POLS,4391,SELECT TOPICS POL SCI,3,4
PPRM,5131,THE STUDY OF ADMINISTRATION,3,5
PPRM,5132,TRANSFORMING DATA INTO INFO,3,5
PPRM,5133,DECISION SUPPORT SYSTEMS,3,5
PPRM,5231,BUDGET & CONTROL-GOVT/SVC ORG,3,5
PPRM,5535,GOVERNMENT AND BUSINESS,3,5
PPRM,5931,RESEARCH TOPICS IN PPRM,3,5
PPRM,5939,INDEPT STUDIES IN PPRM,3,5
PSLD,4325,BUDGETING IN PUBLIC SERVICE,3,4
PSLD,4326,HUMAN RESOURCES,3,4
PSLD,4328,SOCIAL CONFLICT & MEDIATION,3,4
PSLD,4341,CULTURAL COMPETENCE,3,4
PSLD,4342,PROJECT MANAGEMENT,3,4
PSLD,4343,PUBLIC SERVICE MGMT.,3,4
PSLD,4344,PUBLIC SERVICE LEADERSHIP,3,4
PSLD,4345,STRATEGIC PLANNING,3,4
PSLD,4346,ORGANIZATIONAL COMM.,3,4
PSLD,4347,MANAGERIAL ISS. IN DIVERSITY,3,4
PSLD,4348,CRISIS MANAGEMENT,3,4
PSLD,4349,ETHICS AND LAW,3,4
PSLD,4350,SENIOR SEMINAR: EXEC COACHING,3,4
PSLD,4351,RESEARCH METHODS AND DESIGN,3,4
PSLD,4389,IND STUDY IN PUBLIC SER LEAD,3,4
PSLD,4391,SEL TOPICS IN PUB SER LEAD,3,4
PSYC,1100,LEARNING FRAMEWORK,1,1
PSYC,1300,LEARNING FRAMEWORK,3,1
PSYC,2301,INTRO TO PSYCHOLOGY,3,2
PSYC,2314,HUMAN GROWTH AND DEVL LIFESPAN,3,2
PSYC,3311,CAREERS & WRITING PSYCHOLOGY,3,3
PSYC,3315,PSYCHOLOGICAL THINKING,3,3
PSYC,3321,LEARNING,3,3
PSYC,3327,PRACT PEER MENTORING LEADERSHI,3,3
PSYC,3331,THEORIES OF PERSONALITY,3,3
PSYC,3332,FAMILY PSYCHOLOGY,3,3
PSYC,3333,HUMAN SEXUALITY,3,3
PSYC,3334,DRUGS AND BEHAVIOR,3,3
PSYC,3335,BEHAVIORAL PHARMACOLOGY RESCH,3,3
PSYC,3336,BEHAVIORAL NEUROSCIENCE RESCH,3,3
PSYC,3341,HUMAN FACTORS PSYCHOLOGY,3,3
PSYC,4127,PRACTICUM IN APPLIED BEHAVIOR,1,4
PSYC,4189,INDT STUDY IN PSYCHOLOGY,1,4
PSYC,4191,SELECTED TOPICS IN PSYCHOLOGY,1,4
PSYC,4227,PRACTICUM IN APPLIED BEHAVIOR,2,4
PSYC,4308,INTRO TO WOMEN'S STUDIES,3,4
PSYC,4311,SOCIAL PSYCHOLOGY,3,4
PSYC,4312,INTRO TO MARRIAGE & FAMILY THE,3,4
PSYC,4313,TESTS AND MEASUREMENTS,3,4
PSYC,4314,CHILD PSYCHOLOGY,3,4
PSYC,4315,ADOLESCENT PSYC,3,4
PSYC,4316,BRAIN AND BEHAVIOR,3,4
PSYC,4318,SENSATION AND PERCEPTION,3,4
PSYC,4321,APPLIED BEHAVIOR ANALYSIS I,3,4
PSYC,4322,APPLIED BEHAVIOR ANALYSIS II,3,4
PSYC,4323,RSRCH & PRACT BEHAV ANALYSIS,3,4
PSYC,4327,PRACTICUM IN APPLIED BEHAVIOR,3,4
PSYC,4332,INTRO TO INDUSTRIAL/ORG PSYC,3,4
PSYC,4334,PSYCHOLOGY OF WOMEN,3,4
PSYC,4337,VIOLENCE AGAINST WOMEN,3,4
PSYC,4348,DEV OF GENDER & RAC IDENT,3,4
PSYC,4349,PSYC OF LATINA/OS IN THE US,3,4
PSYC,4351,ABNORMAL PSYC,3,4
PSYC,4356,THE AGING EXPERIENCE,3,4
PSYC,4370,BEHAVIORAL STATISTICS,3,4
PSYC,4371,RESEARCH METHODS,3,4
PSYC,4372,SEMINAR IN WOMEN'S STUDIES,3,4
PSYC,4375,PERSONAL STRESS MANAGEMENT,3,4
PSYC,4382,COGNITIVE PSYCHOLOGY,3,4
PSYC,4389,INDT STUDY IN PSYC,3,4
PSYC,4391,SELECTED TOPICS IN PSYC,3,4
PSYC,4392,CAPSTONE IN PSYCHOLOGY,3,4
PSYC,5030,EXPRMNTL ANLYS BHVR SPCL TPC,3,5
PSYC,5031,HUMAN GROWTH DEVELOPMENT,3,5
PSYC,5038,FOUND DVLP: INFANCY CHILDHOOD,3,5
PSYC,5039,FOUND DVLP: ADOLESCENT,3,5
PSYC,5111,ORIENTATION TO SCHOOL PSYC,1,5
PSYC,5131,PSYCHO PATH OF CHILDHOOD,3,5
PSYC,5134,INTERVIEWING,3,5
PSYC,5135,ETHICS IN PSYCHOLOGY,3,5
PSYC,5136,MULTICULTURAL COUNSELING,3,5
PSYC,5137,TRAUMA AND RESILIENCE,3,5
PSYC,5138,MINDFULNESS & ACCEPT. THERAPY,3,5
PSYC,5231,PSYCHOTHERAPY THRY & RSCH,3,5
PSYC,5233,INTRODUCTION TO FAMILY THERAPY,3,5
PSYC,5234,INDVL & FMLY DVLPMT ACRS LFSPN,3,5
PSYC,5235,LEARNING PRINCIPLES,3,5
PSYC,5236,FAMILY ASSESSMENT,3,5
PSYC,5239,GROUP PSYCHOTHERAPY,3,5
PSYC,5331,PERSONNEL PSYCHOLOGY,3,5
PSYC,5332,ORGANIZATIONAL PSYCHOLOGY,3,5
PSYC,5333,LEADERSHIP IN ORGANIZATIONS,3,5
PSYC,5334,CHANGE AND ORGANIZATIONAL DEV,3,5
PSYC,5335,CAREER COUNSELING,3,5
PSYC,5336,BEH IN COMPLEX ORGANIZATIONS,3,5
PSYC,5337,VIOLENCE AGAINST WOMEN,3,5
PSYC,5338,CROSS-CULTURAL COMMUNICATIONS,3,5
PSYC,5339,TRAINING AND DEVELOPMENT,3,5
PSYC,5431,GROUP & ORGANIZATIONAL BEH,3,5
PSYC,5432,PSYCHOACTIVE DRUGS,3,5
PSYC,5433,SUBSTANCE ABUSE: TREATMENTS,3,5
PSYC,5434,INTRO TO ART THERAPY TH & PRAC,3,5
PSYC,5435,CONCEP ISSUES IN BEH ANA,3,5
PSYC,5436,ADULT DEVELOPMENT,3,5
PSYC,5437,AGING,3,5
PSYC,5438,DEV OF GENDER & RAC IDENT,3,5
PSYC,5530,GROUP DYNAMICS AND TEAMWORK,3,5
PSYC,5532,ADVANCED SOCIAL PSYCHOLOGY,3,5
PSYC,5533,"PSYC OF GENDER, RACE & SEXUALI",3,5
PSYC,5534,MINORITIES AND MAJORITIES,3,5
PSYC,5535,CROSS CULTURAL PERSPECT FAMILY,3,5
PSYC,5536,OCCUPATIONAL HEALTH PSYCHOLOGY,3,5
PSYC,5537,PROF ISSUES IN I/O PSYC,3,5
PSYC,5731,BASIC PSYCHOTHERAPY SKILLS,3,5
PSYC,5732,SEMINAR IN WOMEN'S STUDIES,3,5
PSYC,5734,"PROF PRACTICE, LAW & ETHICS",3,5
PSYC,5735,ANXIETY & STRESS MANAGEMENT,3,5
PSYC,5736,BEHAVIORAL MEDICINE,3,5
PSYC,5737,FAMILY THERAPY PROF. ETHICS,3,5
PSYC,5738,FAMILY THERAPY PRACTICUM,3,5
PSYC,5831,GENDER & CULT. PERSP. TH.,3,5
PSYC,5832,CLINICAL HYPNOSIS,3,5
PSYC,5911,SELECTED TOPICS IN PSYCHOLOGY,1,5
PSYC,5919,INDEPENDENT STUDY IN PSYC,1,5
PSYC,5929,INDT. STU. IN PSYCHOLOGY,2,5
PSYC,5931,RESEARCH TOPICS IN PSYC,3,5
PSYC,5932,RSRCH TOPICS APPLIED COGN PSYC,3,5
PSYC,5939,INDEPENDENT STUDY IN PSYC,3,5
PSYC,6011,SEMINAR IN ADVANCED STATISTICS,1,5
PSYC,6030,SENSATION AND PERCEPTION,3,5
PSYC,6031,BEHAVIORAL ASSESSMENT,3,5
PSYC,6032,INTELLECTUAL ASSESSMENT,3,5
PSYC,6033,PERSONALITY ASSESSMENT,3,5
PSYC,6034,CONSULTATION IN SCHOOL PSYC,3,5
PSYC,6035,SOC ISS METH & ANA,3,5
PSYC,6036,RES DESIGN AND STATISTICS I,3,5
PSYC,6037,RESRCH DESIGN & STATISTICS II,3,5
PSYC,6038,CLINICAL PRACTICUM,3,5
PSYC,6039,SCHOOL PSYC PRACTICUM,3,5
PSYC,6111,STUDENT DIVERSITY IN LEARNING,1,5
PSYC,6121,ETHICS & LAW IN SCH PSYC,2,5
PSYC,6130,PSYCHOLOGICAL MEASUREMENT,3,5
PSYC,6132,SEMINAR IN PROF SCHOOL PSYC,3,5
PSYC,6133,PERSONALITY ASSESSMENT CHILD,3,5
PSYC,6134,BIOLOGICAL BASIS OF BEHAVIOR,3,5
PSYC,6137,FAMILY RESEARCH,3,5
PSYC,6139,INTERVENTION I: ACAD & COG SK,3,5
PSYC,6230,INTER II: SOCIAL & BEH SKILLS,3,5
PSYC,6231,INT III: AFF & ADAP SKILLS,3,5
PSYC,6233,ADVANCED FAMILY THERAPY,3,5
PSYC,6234,SYSTEMS AND SYMPTOMS,3,5
PSYC,6235,BEHAVIORAL/COGNITIVE THERAPIES,3,5
PSYC,6236,CHILD & ADOLES. FAMILY THERAPY,3,5
PSYC,6238,APPLIED BEHAVIOR ANALYSIS,3,5
PSYC,6239,BEHAVIORAL INTERVENTIONS I,3,5
PSYC,6330,RES & PRACT IN APP BEH ANALYSI,3,5
PSYC,6331,BEHAVIORAL INTERVENTIONS II,3,5
PSYC,6332,ADV CONS & PRGM DESG/EVAL,3,5
PSYC,6333,RSRCH DSGN & STAT I I/O PSYC,3,5
PSYC,6334,RSRCH DSGN & STAT II I/O PSYC,3,5
PSYC,6335,BEHAVIORAL PHARMACOLOGY RESEAR,3,5
PSYC,6336,BEHAVIORAL NEUROSCIENCE RESCH,3,5
PSYC,6337,DVLP & TRTMT MOD & ANXTY DSRDR,3,5
PSYC,6338,ETHICS & PROF ISSUES IN BEHAVI,3,5
PSYC,6339,RESEARCH METHODS IN BEHAV ANLY,3,5
PSYC,6419,SEMINAR FOR APPLIED COGNITIVE,1,5
PSYC,6431,USER CENTERED DESIGN,3,5
PSYC,6434,HUMAN FACTORS ENGINEERING,3,5
PSYC,6435,HMN FACTORS METH ANA,3,5
PSYC,6439,PRACTICUM FOR APPLIED COGNITIV,3,5
PSYC,6531,PSYCHOPATHOLOGY,3,5
PSYC,6533,HISTORY AND SYSTEMS,3,5
PSYC,6534,COUPLE AND SEX THERAPY,3,5
PSYC,6538,PERF APPRAISAL & FEEDBACK,3,5
PSYC,6539,PRACTICUM IN I/O PSYCHOLOGY,3,5
PSYC,6636,CLINICAL INTERNSHIP,3,5
PSYC,6666,CLINICAL INTERNSHIP,6,5
PSYC,6733,APPLIED DEVELOPMENTAL PSYC,3,5
PSYC,6734,ASSESSMENT IN INDUSTRY,3,5
PSYC,6735,SEMINAR IN IND/ORG PSYC,3,5
PSYC,6736,ADV PERSONALITY,3,5
PSYC,6739,GRADUATE INTERNSHIP,3,5
PSYC,6832,ADV COG & AFFCT PSYC,3,5
PSYC,6836,POST-GRAD INTERNSHIP IN SC PSY,3,5
PSYC,6839,MASTER:S PROJECT RESEARCH,3,5
PSYC,6939,MASTER:S THESIS RESEARCH,3,5
PSYC,7032,INTELLECTUAL ASSESSMENT,3,6
PSYC,7033,PERSONALITY ASSESSMENT,3,6
PSYC,7034,NEUROPSYCHOLOGICAL ASSESSMENT,3,6
PSYC,7038,PRACTICUM I,3,6
PSYC,7039,EXTERNAL PRACTICUM/INTERNSHIP,3,6
PSYC,7130,EXPERIMENTAL METHODOLOGY,3,6
PSYC,7131,QUANTITATIVE ANALYSIS I,3,6
PSYC,7132,QUANTITATIVE ANALYSIS II,3,6
PSYC,7136,MULTC & DVRSTY ISS HLTH PSYC,3,6
PSYC,7138,MNDFLNSS & ACCPTNCE THERAPIES,3,6
PSYC,7139,INTRVNTN I: ACDMC & CGNTV SKLL,3,6
PSYC,7232,ADV CHILD BEHAVIOR THERAPY,3,6
PSYC,7235,ADVANCED BEHAVIOR THERAPY,3,6
PSYC,7239,ADVANCED GROUP PSYCHOTHERAPY,3,6
PSYC,7331,DSGN/EVAL SCHOOL HLTH PRGM,3,6
PSYC,7332,ADV CNSLTN & PRGRM DESIGN/EVAL,3,6
PSYC,7333,PEDIATRIC PSYCHOLOGY,3,6
PSYC,7334,ADULT BEHAVIORAL MEDICINE,3,6
PSYC,7337,DVLP & TRTMT MOD & ANXTY DSRDR,3,6
PSYC,7736,PRFR ISSUES MEDICAL/HLTH PSYC,3,6
PSYC,7936,"CLNCL PRCTC, CNSLTTN, & SPRVSN",3,6
PSYC,8930,DOCTORAL DISSERTATION,3,6
PSYC,8931,DOCTORAL INTERNSHIP,3,6
SENG,4310,INTRO TO SYSTEMS ENGINEERING,3,4
SENG,5130,SYSTEMS ENGINEERING PROCESSES,3,5
SENG,5230,SYSTEMS ENGINEERING ECON,3,5
SENG,5231,CONCURRENT ENGINEERING,3,5
SENG,5232,ENG SPECIALTY INTEGRATION,3,5
SENG,5233,SYSTEMS ENG ANALYSIS &MODELING,3,5
SENG,5330,RISK MANAGEMENT,3,5
SENG,5332,DECISION ANALYSIS FOR SYS ENG,3,5
SENG,5334,HUMAN FACTORS ENGINEERING,3,5
SENG,5532,ADV DECISION ANALY FOR SYS ENG,3,5
SENG,5739,INTERNSHIP IN SYSTEMS ENGINEER,3,5
SENG,5915,COOPERATIVE EDUCATION WK TM,1,5
SENG,5931,RESEARCH TOPICS-SYSTEM ENG,3,5
SENG,5939,INDEP STUDY IN SYSTEMS ENG,3,5
SENG,6837,SYSTEMS ENG CAPSTONE PROJECT,3,5
SENG,6939,MASTER'S THESIS RESEARCH,3,5
SENG,6969,MASTER'S THESIS RESEARCH,6,5
SILC,4301,SPANISH FOR BILINGUAL TEACHRS,3,4
SILC,4302,INTRO STUDY OF LANGUAGES,3,4
SILC,4310,FOUNDATIONS OF BLNG AND ESL ED,3,4
SILC,4311,ESL METHODS,3,4
SILC,4312,CONTENT-BASED ESL,3,4
SILC,4313,LANGUAGE LEARNING,3,4
SILC,4314,TCHNG ESL IN THE BLNG CLASSRM,3,4
SILC,4315,THEORIES OF AMERICAN PLURALISM,3,4
SILC,4316,BLNG CURRIC IN CONTENT AREAS,3,4
SILC,4317,DEV CONT LIT IN THE BLNG CLASS,3,4
SILC,4318,LING DIV IN YOUNG CHILDREN,3,4
SILC,4351,DEVELOPMENT OF BILITERACY,3,4
SILC,4389,INDT STUDY IN BILINGL EDUC ESL,3,4
SILC,4391,SELECT TOPICS STUDIES OF LANG,3,4
SILC,5010,PROF PREP SEM FOR ED OF ELL,1,5
SILC,5031,CURRIC ISSUES/EDUCTNG BLNG STD,3,5
SILC,5032,APPL LINGUIS FOR BLNG EDUC/ESL,3,5
SILC,5033,CROSS CURR LIT FOR SEC LANG LR,3,5
SILC,5034,COMMUNITY COLLABORATION,3,5
SILC,5035,INTPSNL INTRACTS IN DIVRSE SET,3,5
SILC,5036,MULTICULTURAL CURRICULUM DEV.,3,5
SILC,5130,THEORY & RES IN BIL & ESL EDUC,3,5
SILC,5134,SECOND LANGUAGE TEACHING,3,5
SILC,5531,LIT SPANISH-SPEAKING STUDENTS,3,5
SILC,5931,RES TOPICS IN STUDIES OF LANG,3,5
SILC,5939,IND STUDY IN LANG & CULTURE,3,5
SILC,6030,FOUNDATIONS OF MULTICULT EDUC,3,5
SILC,6031,"SOC. JST. LDSHP, POL. & ADVOC",3,5
SILC,6032,MODELS OF LANGUAGE,3,5
SILC,6033,REF. SOC. JUST. ED.,3,5
SILC,6034,CURR. ISS. DIV. COMM.,3,5
SILC,6035,SOC. FOUND. OF EDUC.,3,5
SILC,6036,EQUITY PEDAGOGY,3,5
SILC,6734,STUDIES IN LANGUAGE & CULTURE,3,5
SILC,6739,STUD IN LANG AND CULTURE PRACT,3,5
SILC,7030,INTERCULTURAL COMMUNICATIONS,3,6
SOCI,1301,INTRO TO SOCIOLOGY,3,1
SOCI,1306,SOCIAL PROBLEMS,3,1
SOCI,3312,CRIMINOLOGY,3,3
SOCI,3313,URBAN AND RURAL HEALTH,3,3
SOCI,3316,GLOBAL SOCIOLOGY,3,3
SOCI,3317,RELIGION IMMIGRATION STDS HOU,3,3
SOCI,3335,DEVIANCE,3,3
SOCI,3351,POLITICAL SOCIOLOGY,3,3
SOCI,3352,URBAN SOCIOLOGY,3,3
SOCI,4180,HONORS STATISTICS LAB,1,4
SOCI,4181,HONORS RESEARCH METHODS LAB,1,4
SOCI,4303,HUMAN SERVICES,3,4
SOCI,4304,PROF ISSUES IN HUMAN SERVICES,3,4
SOCI,4306,SERVICE LEARNING,3,4
SOCI,4308,INTRO TO WOMEN'S STUDIES,3,4
SOCI,4311,SOCIAL PSYCHOLOGY,3,4
SOCI,4312,"SOC STRUCT:CLASS,POWER,STATUS",3,4
SOCI,4313,JUVENILE DELINQUENCY,3,4
SOCI,4315,THE DEATH PENALTY,3,4
SOCI,4316,WOMEN AND THE LAW,3,4
SOCI,4317,RACE AND THE LAW,3,4
SOCI,4318,WOMEN OF COLOR IN THE U.S.,3,4
SOCI,4322,THEORIES OF SOCIETY,3,4
SOCI,4323,RELIGION IN SOCIETY,3,4
SOCI,4324,ORGANIZATIONS IN SOCIETY,3,4
SOCI,4328,SOCIAL CONFLICT & MEDIATION,3,4
SOCI,4329,EGYPT IN TRANSITION,3,4
SOCI,4330,CULTURAL STUDY ABROAD,3,4
SOCI,4331,PRISON AND SOCIETY,3,4
SOCI,4332,SOCIOLOGY OF LAW,3,4
SOCI,4333,CRISIS INTERVENTION,3,4
SOCI,4334,CRIMINAL LAW,3,4
SOCI,4335,SOCIAL CHANGE & SOCIAL MVMNTS,3,4
SOCI,4341,WOMEN IN SOCIETY,3,4
SOCI,4342,HUM RIGHTS AND SOCIAL JUSTICE,3,4
SOCI,4343,PUBLIC SERVICE MANAGEMENT,3,4
SOCI,4344,PUBLIC SERVICE LEADERSHIP,3,4
SOCI,4345,STRATEGIC PLANNING,3,4
SOCI,4346,ORGANIZATIONAL COMMUNICATION,3,4
SOCI,4355,MINORITIES IN AMERICA,3,4
SOCI,4356,THE AGING EXPERIENCE,3,4
SOCI,4357,"FAMILY, WORK, & GENDER",3,4
SOCI,4358,FAMILY & SOCIETY,3,4
SOCI,4359,FAMILY POLICY,3,4
SOCI,4363,AMER IMM & IMM EXP,3,4
SOCI,4364,MEDICAL SOCIOLOGY,3,4
SOCI,4365,SOCIOLOGY MENTAL HLTH & ILLNES,3,4
SOCI,4367,WOMEN'S HEALTH AND SEXUALITY,3,4
SOCI,4379,INTERNSHIP IN HUMAN SERVICES,3,4
SOCI,4380,HONORS STATISTICS,3,4
SOCI,4381,HONORS RESEARCH METHODS,3,4
SOCI,4382,HONORS THEORIES OF SOCIETY,3,4
SOCI,4384,STATISTICS,3,4
SOCI,4385,RESEARCH METHODS,3,4
SOCI,4389,INDT STUDY IN SOCIOLOGY,3,4
SOCI,4391,TOPICS IN SOCIOLOGY,3,4
SOCI,5032,SEM MENTAL HEALTH & ILLNESS,3,5
SOCI,5035,HUM RIGHTS AND SOCIAL JUSTICE,3,5
SOCI,5131,CONTEMPORARY SOC THEORY,3,5
SOCI,5133,ADVANCED JUVENILE DELINQUENCY,3,5
SOCI,5135,THE DEATH PENALTY,3,5
SOCI,5136,WOMEN AND THE LAW,3,5
SOCI,5137,RACE AND THE LAW,3,5
SOCI,5232,ENVIRONMENTAL HEALTH,3,5
SOCI,5233,RELIGION IMMIGRATION STDS HOU,3,5
SOCI,5236,RELIGION AND GLOBAL CHANGE,3,5
SOCI,5237,RELIGION & IMMIGRATION IN HOU,3,5
SOCI,5238,NEGOTIATING ACROSS CULTURES,3,5
SOCI,5239,EGYPT IN TRANSITION,3,5
SOCI,5330,CULTURAL STUDY ABROAD,3,5
SOCI,5331,ADVANCED CRIMINOLOGY,3,5
SOCI,5332,WHITE-COLLAR CRIME,3,5
SOCI,5333,MINORITIES AND MAJORITIES,3,5
SOCI,5334,SOCIAL STRATIFICATION,3,5
SOCI,5335,CRIMINAL JUSTICE & MASS MEDIA,3,5
SOCI,5336,LAW AND SOCIETY,3,5
SOCI,5337,COMPLEX ORGANIZATIONS,3,5
SOCI,5338,CRIMINAL LAW,3,5
SOCI,5339,LEADERSHIP IN ORGANIZATIONS,3,5
SOCI,5430,ORGANIZATIONAL DEVELOPMENT,3,5
SOCI,5431,GROUP AND ORGANIZATIONAL BEH,3,5
SOCI,5432,HUMAN SERVICES MANAGEMENT,3,5
SOCI,5433,SOCIAL CONFLICT & MEDIATION,3,5
SOCI,5434,MARRIAGE & FAMILY,3,5
SOCI,5435,GENDERED INEQUALITY: WRK & FAM,3,5
SOCI,5436,ADULT DEVELOPMENT,3,5
SOCI,5437,AGING,3,5
SOCI,5438,SOCIOLOGY LIFE COURSE & AGING,3,5
SOCI,5532,ADVANCED SOCIAL PSYCHOLOGY,3,5
SOCI,5533,SOCIOLOGY OF HUMAN INTIMACY,3,5
SOCI,5535,CROSS-CULTURE PERSP FAMILY,3,5
SOCI,5536,CULTURE AND ECONOMIC CHANGE,3,5
SOCI,5537,URBAN PROBLEMS,3,5
SOCI,5633,AMER IMM STUDIES,3,5
SOCI,5731,POLITICS AND PROTEST,3,5
SOCI,5732,SOCIAL PROB & DYSTOPIAN,3,5
SOCI,5931,RESEARCH TOPICS IN SOCIOLOGY,3,5
SOCI,5939,INDEPENDENT STUDY IN SOCIOLOGY,3,5
SOCI,6338,STRATEGIC PLANNING,3,5
SOCI,6432,QUALITATIVE RESEARCH METHODS,3,5
SOCI,6730,GRADUATE STATISTICS,3,5
SOCI,6731,GRADUATE RESEARCH METHODS,3,5
SOCI,6734,SEMINAR IN WOMEN'S HEALTH,3,5
SOCI,6735,SEMINAR IN SOCIOLOGY,3,5
SOCI,6736,SEMINAR IN GLOBAL HEALTH,3,5
SOCI,6737,SEMINAR IN MEDICAL SOCIOLOGY,3,5
SOCI,6738,"SEM BIOETHICS, BIOTECH & BODY",3,5
SOCI,6739,GRADUATE INTERNSHIP,3,5
SOCI,6839,MASTER:S PROJECT RESEARCH,3,5
SOCI,6909,SOCIOLOGY COMPREHENSIVE EXAM,0,5
SOCI,6939,MASTER'S THESIS RESEARCH,3,5
SPAN,1311,BEGINNING SPANISH I,3,1
SPAN,1312,BEGINNING SPANISH II,3,1
SPAN,2311,INTERMEDIATE SPANISH I,3,2
SPAN,2312,INTERMEDIATE SPANISH II,3,2
SPAN,3311,INTENSIVE SPANISH II,3,3
SPAN,3312,INTENSIVE SPANISH III,3,3
SPAN,4391,SELECTED TOPICS IN SPANISH,3,4
SPAN,5031,INTENSIVE SPANISH I,3,5
SPAN,5033,INTENSIVE SPANISH II,3,5
SPAN,5035,INTENSIVE SPANISH III,3,5
SPAN,5931,RESEARCH TOPICS IN SPANISH,3,5
SPED,2301,INTRO TO SPECIAL POPULATIONS,3,2
SPED,4300,SURVEY OF EXCEPTIONALITIES,3,4
SPED,4311,ASSESSMENT IN SPECIAL EDUC,3,4
SPED,4312,DIAGNOSTIC INSTR SPCL NEEDS,3,4
SPED,4313,INDIVIDUAL INSTR STUDENT DISAB,3,4
SPED,4321,IMPLEMENTING POS BHVRL SUPPORT,3,4
SPED,4332,EARLY CHILDHOOD SPECIAL EDUC,3,4
SPED,4333,ADVANCED EARLY CHILDHOOD SPECI,3,4
SPED,4377,PRACTICUM SPEC ED YNG CHILDREN,3,4
SPED,4389,INDT STUDY OF IND DIFFERENCES,3,4
SPED,4391,SELECTED TOPICS IN SPED,3,4
SPED,5010,PROF PREP SEM FOR SPCL ED,1,5
SPED,5030,SURVEY OF INDIVIDUAL DIFFERENC,3,5
SPED,5131,EDUC ASSESSMENT OF EXCEPTIONAL,3,5
SPED,5132,CURRIC APPROACH LEARN DIFFICUL,3,5
SPED,5133,PRACTICUM IN INCLUSIVE EDUCATI,3,5
SPED,5233,PROVIDING POS BHVRL SUPPORTS,3,5
SPED,5332,EXCEPTIONALITIES IN INFANTS AN,3,5
SPED,5333,ADV STDS OF EXCEPTIONALITIES,3,5
SPED,5737,PRAC INFNTS & YNG CHILD EXCEPT,3,5
SPED,5931,RESEARCH TOPICS IN SPECIAL ED,3,5
SPED,5939,IND. STUDY OF EXCEPTIONALITIES,3,5
STAT,1342,ELEMENTARY STATISTICAL METHODS,3,1
STAT,3308,COMPUTATIONAL STATISTICS,3,3
STAT,3334,PROB & STAT FOR SCIENTS & ENGS,3,3
STAT,4326,INTRO TO SURVEY SAMPLING,3,4
STAT,4328,DATA MGMT &ANALYSIS USING SAS,3,4
STAT,4344,INTRO TO PROBABILITY,3,4
STAT,4345,INTRO TO STATISTICS,3,4
STAT,4346,PROBABILITY FOR ACTUARIAL EXAM,3,4
STAT,4348,INTRO TO FINANCIAL MATH FOR EX,3,4
STAT,4350,FINANCIAL ECONOMICS,3,4
STAT,5135,APPLIED STATISTICAL METHODS,3,5
STAT,5431,THEORY & APPL OF PROBABILITY,3,5
STAT,5432,THEORY & APPL OF STATISTICS,3,5
STAT,5531,MULTIVARIATE STAT ANALYSIS,3,5
STAT,5532,LINEAR MODELS & REGRESSION ANA,3,5
STAT,5533,STATISTICAL COMPUTING,3,5
STAT,5534,SAMPLING METHODS,3,5
STAT,5535,EXPERIMNTL DESIGNS & ANALYSIS,3,5
STAT,5537,STATISTICAL MODELING & METHODS,3,5
STAT,5538,CATEGORICAL DATA ANALYSIS,3,5
STAT,5631,RELIABILITY AND SURVIVAL ANALY,3,5
STAT,5739,INTERNSHIP IN STATISTICS,3,5
STAT,5915,COOP EDUC WORK TERM,1,5
STAT,5919,INDT STUDY IN STATISTICS,1,5
STAT,5931,RESEARCH TOPICS IN STATISTICS,3,5
STAT,5939,INDT STUDY IN STATISTICS,3,5
STAT,6837,STAT RESEARCH & CONSULTING,3,5
STAT,6838,STAT RESEARCH AND CONSULTING I,3,5
STAT,6939,MASTER'S THESIS RESEARCH,3,5
SWEN,3320,ENGINEERING MULTIMEDIA SOFTWAR,3,3
SWEN,3340,PRINCIPLES OF ENGINEERING SOFT,3,3
SWEN,4195,COOPERATIVE EDUCATION WORK TER,1,4
SWEN,4314,INTERFACE ENGINEERING,3,4
SWEN,4317,INTRODUCTION TO GAME DESIGN AN,3,4
SWEN,4318,"VIRTUAL WORLDS, SIMS AND ANIMA",3,4
SWEN,4320,INTRO TO PROCESS AND PM,3,4
SWEN,4330,SOFTWARE DEVELOPMENT IN EMERGI,3,4
SWEN,4342,SOFTWARE ENGINEERING,3,4
SWEN,4343,TOOLS AND INNOVATIVE TECH,3,4
SWEN,4345,INTRO TO PERSONAL SOFTW PROC,3,4
SWEN,4365,SENIOR PROJECT I,3,4
SWEN,4366,SENIOR PROJECT II,3,4
SWEN,4391,RESEARCH TOPICS IN SWEN,3,4
SWEN,5130,REQUIREMENTS ENGINEERING,3,5
SWEN,5131,SOFTWARE ENGINEERING TOOLS,3,5
SWEN,5132,SOFTWARE DESIGN PATTERNS,3,5
SWEN,5133,ASPECT ORIENTED DEVELOPMENT,3,5
SWEN,5134,GAMING SOFTWARE DEVELOPMENT WI,3,5
SWEN,5136,SOFTWARE FOR ROBOTICS,3,5
SWEN,5137,GAME DESIGN AND DEVELOPMENT,3,5
SWEN,5138,VIRTUAL WORLDS AND SIMS,3,5
SWEN,5230,SOFTWARE PROJECT MANAGEMENT,3,5
SWEN,5232,SOFTWARE CONSTRUCTION,3,5
SWEN,5233,SOFTWARE ARCHITECTURE,3,5
SWEN,5234,SOFTWARE PROCESSES,3,5
SWEN,5430,SOFTWARE METRICS,3,5
SWEN,5431,"TESTING,VALIDATION AND VERIFI",3,5
SWEN,5432,SOFTWARE ENGINEERING LIFE CYCL,3,5
SWEN,5433,SOFTWARE DESIGN,3,5
SWEN,5435,PERSONAL SOFTWARE PROCESS,3,5
SWEN,5532,SOFTWARE SAFETY,3,5
SWEN,5534,REUSE AND REENGINEERING,3,5
SWEN,5739,INTERNSHIP IN SOFTWARE ENGINEE,3,5
SWEN,5931,RSERCH TOPICS IN SOFTWARE ENGI,3,5
SWEN,5939,IND STUDY SOFTWARE ENGINEERING,3,5
SWEN,6837,SOFTWARE ENGR CAPSTONE PROJECT,3,5
SWEN,6838,SOFTWARE ENGR CAPSTONE PROJECT,3,5
SWEN,6939,MASTER'S THESIS RESEARCH,3,5
SWRK,4301,INTRO TO SOCIAL WORK,3,4
SWRK,4304,ISSUES & ETHICS IN SOCIAL WK,3,4
SWRK,4314,DIVERS/HUM DEV THRU LIFE CYCLE,3,4
SWRK,4317,SOCIAL WELFARE & POLICY SVCS,3,4
SWRK,4318,SOCIAL WORK PRACTICE I,3,4
SWRK,4319,SOC WELFARE POLICY ANALYSIS,3,4
SWRK,4324,"OPPRESS,DIVERS & SOC JUSTICE",3,4
SWRK,4328,SOCIAL WORK PRACTICE II,3,4
SWRK,4338,SOCIAL WORK PRACTICE III,3,4
SWRK,4363,RESEARCH METHODS,3,4
SWRK,4370,BEHAVIORAL STATISTICS,3,4
SWRK,4389,IND STUDY IN SOCIAL WORK,3,4
SWRK,4391,SELECTED TOPICS IN SOCIAL WK,3,4
SWRK,4619,SOCIAL WORK INTERNSHIP I,6,4
SWRK,4629,SOCIAL WORK INTERNSHIP II,6,4
TCED,1301,EXPLORING TEACHING PROFESSION,3,1
TCED,1306,RELATIONAL ASPECTS OF LEARNING,3,1
TCED,2302,QUEST. STRAT. TO PROMOTE LEARN,3,2
TCED,3302,INSTRUCTION PRACT IN EDUCATION,3,3
TCED,3304,SOC JUST AND CRITI ISS IN EDUC,3,3
TCED,4079,POST-DEGREE INTERNSHIP IN TECH,0,4
TCED,4100,CORE SUBJECTS TEACHER SEMINAR,1,4
TCED,4102,SECONDARY CONTENT TEACHER SEM,1,4
TCED,4302,INQ PRC & PRB SOLV SKLLS IN ED,3,4
TCED,4303,CREATING POSITIVE LEARNING ENV,3,4
TCED,4304,CREATE POS LEARN ENVRMT IN 4-8,3,4
TCED,4306,CREATING POSITIVE LEARNING ENV,3,4
TCED,4308,ASSESS AND TEST IN SCHOOLS,3,4
TCED,4321,SOCIAL STUDIES METHODS FOR EC-,3,4
TCED,4322,SCIENCE METHODS FOR EC-6,3,4
TCED,4323,MATHEMATICS METHODS FOR EC-6,3,4
TCED,4331,SOCIAL STUDIES METHODS FOR GRA,3,4
TCED,4332,SCIENCE METHODS FOR GRADES 4-8,3,4
TCED,4333,MATHEMATICS METHODS FOR GRADES,3,4
TCED,4361,METHODS IN SECONDARY SOCIAL ST,3,4
TCED,4362,METHODS IN SECONDARY SCIENCE,3,4
TCED,4363,METHODS IN SECONDARY MATHEMATI,3,4
TCED,4364,METHODS IN TECHNOLOGY,3,4
TCED,4377,THECB AIDE PROJECT,3,4
TCED,4378,PRE-SERVICE INTERNSHIP I,3,4
TCED,4389,INDT STUDY IN TEACHER EDUCATN,3,4
TCED,4391,SELECTED TOPICS IN TEACH EDUC,3,4
TCED,4668,PRE-SVC INTERN II-GENERAL,6,4
TCED,4678,POST-DEGREE INTERNSHIP I,6,4
TCED,4679,POST-DEGREE INTERNSHIP II,6,4
TCED,4978,PRE-SERVICE INTERNSHIP II,9,4
TCED,5010,PROF PREP SEMINAR,1,5
TCED,5014,MENTORING AND COGNITIVE COACH,1,5
TCED,5030,MODELS OF TEACHING,3,5
TCED,5031,CURRICULUM PLANNING,3,5
TCED,5032,PREP FOR K-12 EDUC FOR NBPTS I,3,5
TCED,5033,PREP FOR K-12 EDUC NBPTS II,3,5
TCED,5034,MGMT STRT FOR CRTG A POS LEARN,3,5
TCED,5035,INTEG INST: MODELS FOR APPL.,3,5
TCED,5036,ISSUES OF PEDAGOGY,3,5
TCED,5037,ASSESSMENT AND STUDENT LEARNIN,3,5
TCED,5038,PROF DEV FOR ENHANCG TCHR LEAD,3,5
TCED,5130,GENERIC INSTRUCT PRACTICES,3,5
TCED,5131,CONTENT INFO ORGANIZ & DELIV,3,5
TCED,5132,TEACHER LEADSHP AND MENTORING,3,5
TCED,5133,TEACHING USING THE BRAIN,3,5
TCED,5136,PRINC & APP OF ANDRAGOGY,3,5
TCED,5138,TRAINING & PROF DEVELOP.,3,5
TCED,5231,TCHG SOC STUDIES IN ELEM SCHL,3,5
TCED,5232,TCHNG SCIENCE IN EC-6 CLASSRM,3,5
TCED,5233,TEACH MATH IN THE EC-6 CLASS,3,5
TCED,5234,SOC STU METH FOR SECONDARY GRS,3,5
TCED,5235,SCI METH FOR THE SECONDARY GRS,3,5
TCED,5236,MATH METHODS FOR SECONDARY GRS,3,5
TCED,5330,FOSTERING CRITICAL INQUIRY,3,5
TCED,5332,TCHNG SCIENCE IN 4-8 CLASSROOM,3,5
TCED,5333,TCHNG MATH IN THE 4-8 CLASSRM,3,5
TCED,5338,STRATEGIES PUBLISH INST. PRODS,3,5
TCED,5431,NATURE OF MIDDLE LEVEL LEARNER,3,5
TCED,5530,ADOLESCENT DVLPMNT & CURRIC,3,5
TCED,5630,EDUC GIFTED & TALENTED LNR,3,5
TCED,5631,"GAMES, LOGIC, GIFTEDNESS",3,5
TCED,5632,GRTH & DEV GIFTED LRNR,3,5
TCED,5634,CURR DEV FOR GIFT AND TAL LRNS,3,5
TCED,5636,"CREAT THEO, MOD, & APPL GIFTED",3,5
TCED,5637,PRAC IN GIFTED & TALENTED ED,3,5
TCED,5911,RES TOPICS IN TEACHER EDUC,1,5
TCED,5921,RESEARCH TOPICS IN TEACHER ED,2,5
TCED,5931,RES TOPICS IN TEACHER EDUC,3,5
TCED,5939,INDT STDY IN TEACHER EDUCATION,3,5
TCED,6031,APPLICAT OF TECH IN CLASSROOM,3,5
TCED,6639,CAPSTONE PROJECT,3,5
TCED,6734,ADVANCED SEMINAR IN SCIENCE ED,3,5
TCED,6735,SEMINAR IN ENVIRONMENTAL ED,3,5
TCED,6739,CURRICULUM AND INSTRUCTION PRA,3,5
UHCL,1100,LEARNING FRAMEWORK,1,1
WMST,1301,GENDER MATTERS,3,1
WMST,3341,WMN IN AMER HISTORY,3,3
WMST,4189,IND STUDY IN WOMEN'S STUDIES,1,4
WMST,4308,INTRODUCTION TO WOMEN'S STDIES,3,4
WMST,4312,WOMEN OF COLOR,3,4
WMST,4314,LATINA SOCIAL MVMT IN AMERICAS,3,4
WMST,4316,WOMEN AND THE LAW,3,4
WMST,4329,HISTORY OF FEMINISM,3,4
WMST,4334,PSYCHOLOGY OF WOMEN,3,4
WMST,4335,WOMEN'S HEALTH AND SEXUALITY,3,4
WMST,4337,VIOLENCE AGAINST WOMEN,3,4
WMST,4341,WOMEN IN SOCIETY,3,4
WMST,4348,DEV OF GENDER & RAC IDENT,3,4
WMST,4360,WOMEN IN LITERATURE,3,4
WMST,4370,GEND AND IDENT IN VIS ARTS,3,4
WMST,4372,SEMINAR IN WOMEN'S STUDIES,3,4
WMST,4389,IND STUDY IN WOMEN'S STUDIES,3,4
WMST,4391,SEL TOPICS IN WOMEN'S STUDIES,3,4
WMST,5337,VIOLENCE AGAINST WOMEN,3,5
WMST,5438,DEV OF GENDER & RAC IDENT,3,5
WMST,5533,"PSYC GENDER, RACE, & SEXUALITY",3,5
WMST,5732,SEMINAR IN WOMEN'S STUDIES,3,5
WMST,5931,RES TOPICS IN WOMEN'S STUDIES,3,5
WMST,5939,INDEPENDENT STUDY IN WOMEN'S,3,5
WRIT,1301,COMPOSITION I,3,1
WRIT,1302,COMPOSITION II,3,1
WRIT,3304,WRITING FOR EDUCATION,3,3
WRIT,3305,WRITING FOR HUMANITIES,3,3
WRIT,3306,WRITING FOR SOCIAL SCIENCES,3,3
WRIT,3307,ADVANCED WRITING,3,3
WRIT,3312,WRITTEN COMMUNICATIONS IN BUS.,3,3
WRIT,3315,TECHNICAL WRITING,3,3
WRIT,4310,WRITING FOR THE PUBLIC,3,4
WRIT,4311,GRANT WRITING,3,4
WRIT,4312,RHETORIC OF POPULAR CULTURE,3,4
WRIT,4313,GRAFFITI TEXT NTWRKD POLITICS,3,4
WRIT,4391,TOPICS IN WRITING,3,4
WRIT,5130,COMPOSITION THEORY,3,5
WRIT,5131,WRITING PEDAGOGY,3,5
WRIT,5132,SEMINAR RHETORICAL THEORIES I,3,5
WRIT,5133,SEMINAR RHETORICAL THEORIES II,3,5
WRIT,5134,SPCL TOPICS DISCOURSE STUDIES,3,5
WRIT,5135,SPECIAL TOPICS IN LINGUISTICS,3,5
WRIT,5136,WRITING FOR GRADUATE SCHOOL,3,5
WRIT,5137,GRANT WRITING PROPOSAL WRITING,3,5
WRIT,5138,MULTIMEDIA COMPOSITION THEORY,3,5
WRIT,5139,DIGITAL RHETORIC,3,5
WRIT,5931,RESEARCH TOPICS IN WRITING,3,5
WRIT,5939,INDT STUDY IN WRITING,3,5
WRIT,6739,INTERNSHIP,3,5